<?xml version="1.0" encoding="UTF-8"?>
<gpx version="1.1" creator="roadtrip-2026 kml_to_gpx"
     xmlns="http://www.topografix.com/GPX/1/1">
  <trk>
    <name>inReach track, Sep to Oct 2026</name>
    <trkseg>
      <trkpt lat="43.894275" lon="-79.255263">
        <ele>198.21</ele>
        <time>2026-09-05T13:53:15Z</time>
      </trkpt>
      <trkpt lat="43.954410" lon="-79.278803">
        <ele>245.54</ele>
        <time>2026-09-05T14:03:15Z</time>
      </trkpt>
      <trkpt lat="43.946095" lon="-79.391070">
        <ele>253.79</ele>
        <time>2026-09-05T14:13:15Z</time>
      </trkpt>
      <trkpt lat="44.087233" lon="-79.421281">
        <ele>295.11</ele>
        <time>2026-09-05T14:23:15Z</time>
      </trkpt>
      <trkpt lat="44.067815" lon="-79.508765">
        <ele>255.85</ele>
        <time>2026-09-05T14:33:15Z</time>
      </trkpt>
      <trkpt lat="44.032763" lon="-79.578953">
        <ele>227.00</ele>
        <time>2026-09-05T14:43:15Z</time>
      </trkpt>
      <trkpt lat="44.126018" lon="-79.637210">
        <ele>284.76</ele>
        <time>2026-09-05T14:53:15Z</time>
      </trkpt>
      <trkpt lat="44.236943" lon="-79.666693">
        <ele>286.83</ele>
        <time>2026-09-05T15:03:15Z</time>
      </trkpt>
      <trkpt lat="44.331765" lon="-79.683773">
        <ele>293.04</ele>
        <time>2026-09-05T15:13:15Z</time>
      </trkpt>
      <trkpt lat="44.358470" lon="-79.693043">
        <ele>266.17</ele>
        <time>2026-09-05T15:23:15Z</time>
      </trkpt>
      <trkpt lat="44.435738" lon="-79.659570">
        <ele>245.54</ele>
        <time>2026-09-05T15:33:15Z</time>
      </trkpt>
      <trkpt lat="44.569655" lon="-79.718641">
        <ele>262.04</ele>
        <time>2026-09-05T15:43:15Z</time>
      </trkpt>
      <trkpt lat="44.705901" lon="-79.660363">
        <ele>198.21</ele>
        <time>2026-09-05T15:53:15Z</time>
      </trkpt>
      <trkpt lat="44.806011" lon="-79.735400">
        <ele>187.95</ele>
        <time>2026-09-05T16:03:15Z</time>
      </trkpt>
      <trkpt lat="44.806086" lon="-79.735443">
        <ele>187.95</ele>
        <time>2026-09-05T16:13:15Z</time>
      </trkpt>
      <trkpt lat="44.910521" lon="-79.772930">
        <ele>192.05</ele>
        <time>2026-09-05T16:23:15Z</time>
      </trkpt>
      <trkpt lat="45.062066" lon="-79.786963">
        <ele>222.88</ele>
        <time>2026-09-05T16:33:15Z</time>
      </trkpt>
      <trkpt lat="45.217011" lon="-79.819085">
        <ele>239.36</ele>
        <time>2026-09-05T16:43:15Z</time>
      </trkpt>
      <trkpt lat="45.323098" lon="-79.948603">
        <ele>237.30</ele>
        <time>2026-09-05T16:53:15Z</time>
      </trkpt>
      <trkpt lat="45.433295" lon="-80.098830">
        <ele>224.94</ele>
        <time>2026-09-05T17:03:15Z</time>
      </trkpt>
      <trkpt lat="45.531098" lon="-80.255578">
        <ele>202.32</ele>
        <time>2026-09-05T17:13:15Z</time>
      </trkpt>
      <trkpt lat="45.623516" lon="-80.389495">
        <ele>198.21</ele>
        <time>2026-09-05T17:23:15Z</time>
      </trkpt>
      <trkpt lat="45.751833" lon="-80.487578">
        <ele>204.38</ele>
        <time>2026-09-05T17:33:15Z</time>
      </trkpt>
      <trkpt lat="45.881996" lon="-80.567593">
        <ele>200.27</ele>
        <time>2026-09-05T17:43:15Z</time>
      </trkpt>
      <trkpt lat="46.031845" lon="-80.595210">
        <ele>202.32</ele>
        <time>2026-09-05T17:53:15Z</time>
      </trkpt>
      <trkpt lat="46.171953" lon="-80.714471">
        <ele>200.27</ele>
        <time>2026-09-05T18:03:15Z</time>
      </trkpt>
      <trkpt lat="46.304938" lon="-80.812511">
        <ele>237.30</ele>
        <time>2026-09-05T18:13:15Z</time>
      </trkpt>
      <trkpt lat="46.432515" lon="-80.909456">
        <ele>253.79</ele>
        <time>2026-09-05T18:23:15Z</time>
      </trkpt>
      <trkpt lat="46.426860" lon="-81.088930">
        <ele>257.91</ele>
        <time>2026-09-05T18:33:15Z</time>
      </trkpt>
      <trkpt lat="46.403203" lon="-81.300566">
        <ele>249.66</ele>
        <time>2026-09-05T18:43:15Z</time>
      </trkpt>
      <trkpt lat="46.335965" lon="-81.484801">
        <ele>245.54</ele>
        <time>2026-09-05T18:53:15Z</time>
      </trkpt>
      <trkpt lat="46.304701" lon="-81.666226">
        <ele>202.32</ele>
        <time>2026-09-05T19:03:15Z</time>
      </trkpt>
      <trkpt lat="46.286270" lon="-81.775231">
        <ele>202.32</ele>
        <time>2026-09-05T19:13:15Z</time>
      </trkpt>
      <trkpt lat="46.286398" lon="-81.777420">
        <ele>208.49</ele>
        <time>2026-09-05T19:23:15Z</time>
      </trkpt>
      <trkpt lat="46.286258" lon="-81.805915">
        <ele>239.36</ele>
        <time>2026-09-05T19:33:15Z</time>
      </trkpt>
      <trkpt lat="46.232293" lon="-81.972663">
        <ele>192.05</ele>
        <time>2026-09-05T19:43:15Z</time>
      </trkpt>
      <trkpt lat="46.204258" lon="-82.150290">
        <ele>192.05</ele>
        <time>2026-09-05T19:53:15Z</time>
      </trkpt>
      <trkpt lat="46.195128" lon="-82.343451">
        <ele>179.74</ele>
        <time>2026-09-05T20:03:15Z</time>
      </trkpt>
      <trkpt lat="46.213710" lon="-82.525198">
        <ele>187.95</ele>
        <time>2026-09-05T20:13:15Z</time>
      </trkpt>
      <trkpt lat="46.196545" lon="-82.724411">
        <ele>202.32</ele>
        <time>2026-09-05T20:23:15Z</time>
      </trkpt>
      <trkpt lat="46.186073" lon="-82.922595">
        <ele>190.00</ele>
        <time>2026-09-05T20:33:15Z</time>
      </trkpt>
      <trkpt lat="46.206608" lon="-83.055825">
        <ele>179.74</ele>
        <time>2026-09-05T20:43:15Z</time>
      </trkpt>
      <trkpt lat="46.276763" lon="-83.213238">
        <ele>187.95</ele>
        <time>2026-09-05T20:53:15Z</time>
      </trkpt>
      <trkpt lat="46.291096" lon="-83.292803">
        <ele>231.12</ele>
        <time>2026-09-05T21:03:15Z</time>
      </trkpt>
      <trkpt lat="46.267568" lon="-83.486030">
        <ele>204.38</ele>
        <time>2026-09-05T21:13:15Z</time>
      </trkpt>
      <trkpt lat="46.287685" lon="-83.680308">
        <ele>200.27</ele>
        <time>2026-09-05T21:23:15Z</time>
      </trkpt>
      <trkpt lat="46.315483" lon="-83.856281">
        <ele>202.32</ele>
        <time>2026-09-05T21:33:15Z</time>
      </trkpt>
      <trkpt lat="46.338100" lon="-84.028458">
        <ele>190.00</ele>
        <time>2026-09-05T21:43:15Z</time>
      </trkpt>
      <trkpt lat="46.453531" lon="-84.067683">
        <ele>187.95</ele>
        <time>2026-09-05T21:53:15Z</time>
      </trkpt>
      <trkpt lat="46.545510" lon="-84.161453">
        <ele>192.05</ele>
        <time>2026-09-05T22:03:15Z</time>
      </trkpt>
      <trkpt lat="46.520985" lon="-84.276101">
        <ele>206.43</ele>
        <time>2026-09-05T22:13:15Z</time>
      </trkpt>
      <trkpt lat="46.524266" lon="-84.317943">
        <ele>229.06</ele>
        <time>2026-09-05T22:23:15Z</time>
      </trkpt>
      <trkpt lat="46.513806" lon="-84.335540">
        <ele>183.84</ele>
        <time>2026-09-05T22:33:15Z</time>
      </trkpt>
      <trkpt lat="46.512015" lon="-84.333845">
        <ele>245.54</ele>
        <time>2026-09-06T12:07:45Z</time>
      </trkpt>
      <trkpt lat="46.538128" lon="-84.318673">
        <ele>231.12</ele>
        <time>2026-09-06T12:17:45Z</time>
      </trkpt>
      <trkpt lat="46.620108" lon="-84.307730">
        <ele>266.17</ele>
        <time>2026-09-06T12:27:45Z</time>
      </trkpt>
      <trkpt lat="46.738243" lon="-84.351503">
        <ele>204.38</ele>
        <time>2026-09-06T12:37:45Z</time>
      </trkpt>
      <trkpt lat="46.849898" lon="-84.367018">
        <ele>190.00</ele>
        <time>2026-09-06T12:47:45Z</time>
      </trkpt>
      <trkpt lat="46.928175" lon="-84.425190">
        <ele>212.60</ele>
        <time>2026-09-06T12:57:45Z</time>
      </trkpt>
      <trkpt lat="46.928133" lon="-84.425168">
        <ele>229.06</ele>
        <time>2026-09-06T13:07:45Z</time>
      </trkpt>
      <trkpt lat="46.940288" lon="-84.480830">
        <ele>206.43</ele>
        <time>2026-09-06T13:37:45Z</time>
      </trkpt>
      <trkpt lat="46.946221" lon="-84.574448">
        <ele>196.16</ele>
        <time>2026-09-06T13:47:45Z</time>
      </trkpt>
      <trkpt lat="46.969771" lon="-84.704868">
        <ele>200.27</ele>
        <time>2026-09-06T13:57:45Z</time>
      </trkpt>
      <trkpt lat="47.053950" lon="-84.765143">
        <ele>208.49</ele>
        <time>2026-09-06T14:07:45Z</time>
      </trkpt>
      <trkpt lat="47.165561" lon="-84.690106">
        <ele>245.54</ele>
        <time>2026-09-06T14:17:45Z</time>
      </trkpt>
      <trkpt lat="47.248356" lon="-84.581208">
        <ele>301.32</ele>
        <time>2026-09-06T14:27:45Z</time>
      </trkpt>
      <trkpt lat="47.364131" lon="-84.657661">
        <ele>257.91</ele>
        <time>2026-09-06T14:37:45Z</time>
      </trkpt>
      <trkpt lat="47.432966" lon="-84.731133">
        <ele>235.24</ele>
        <time>2026-09-06T14:47:45Z</time>
      </trkpt>
      <trkpt lat="47.432850" lon="-84.731218">
        <ele>227.00</ele>
        <time>2026-09-06T14:57:45Z</time>
      </trkpt>
      <trkpt lat="47.442816" lon="-84.747935">
        <ele>235.24</ele>
        <time>2026-09-06T15:17:45Z</time>
      </trkpt>
      <trkpt lat="47.562293" lon="-84.809668">
        <ele>353.20</ele>
        <time>2026-09-06T15:27:45Z</time>
      </trkpt>
      <trkpt lat="47.683131" lon="-84.808123">
        <ele>405.31</ele>
        <time>2026-09-06T15:37:45Z</time>
      </trkpt>
      <trkpt lat="47.723676" lon="-84.811878">
        <ele>428.32</ele>
        <time>2026-09-06T15:47:45Z</time>
      </trkpt>
      <trkpt lat="47.724910" lon="-84.812006">
        <ele>413.68</ele>
        <time>2026-09-06T15:57:45Z</time>
      </trkpt>
      <trkpt lat="47.844365" lon="-84.885865">
        <ele>344.88</ele>
        <time>2026-09-06T16:07:45Z</time>
      </trkpt>
      <trkpt lat="47.959871" lon="-84.794970">
        <ele>270.30</ele>
        <time>2026-09-06T16:17:45Z</time>
      </trkpt>
      <trkpt lat="48.083166" lon="-84.804818">
        <ele>301.32</ele>
        <time>2026-09-06T16:27:45Z</time>
      </trkpt>
      <trkpt lat="48.218908" lon="-84.854793">
        <ele>374.02</ele>
        <time>2026-09-06T16:37:45Z</time>
      </trkpt>
      <trkpt lat="48.303398" lon="-84.991350">
        <ele>409.49</ele>
        <time>2026-09-06T16:47:45Z</time>
      </trkpt>
      <trkpt lat="48.422370" lon="-85.094948">
        <ele>378.18</ele>
        <time>2026-09-06T16:57:45Z</time>
      </trkpt>
      <trkpt lat="48.546331" lon="-85.195928">
        <ele>399.05</ele>
        <time>2026-09-06T17:07:45Z</time>
      </trkpt>
      <trkpt lat="48.592475" lon="-85.274763">
        <ele>386.52</ele>
        <time>2026-09-06T17:17:45Z</time>
      </trkpt>
      <trkpt lat="48.591445" lon="-85.277360">
        <ele>376.10</ele>
        <time>2026-09-06T17:27:45Z</time>
      </trkpt>
      <trkpt lat="48.640445" lon="-85.428486">
        <ele>380.27</ele>
        <time>2026-09-06T17:37:45Z</time>
      </trkpt>
      <trkpt lat="48.705815" lon="-85.553841">
        <ele>340.73</ele>
        <time>2026-09-06T17:47:45Z</time>
      </trkpt>
      <trkpt lat="48.685451" lon="-85.491936">
        <ele>374.02</ele>
        <time>2026-09-06T17:57:45Z</time>
      </trkpt>
      <trkpt lat="48.667716" lon="-85.465971">
        <ele>376.10</ele>
        <time>2026-09-06T18:07:45Z</time>
      </trkpt>
      <trkpt lat="48.667748" lon="-85.465865">
        <ele>382.35</ele>
        <time>2026-09-06T18:17:45Z</time>
      </trkpt>
      <trkpt lat="48.685826" lon="-85.492816">
        <ele>359.44</ele>
        <time>2026-09-06T18:57:45Z</time>
      </trkpt>
      <trkpt lat="48.718238" lon="-85.687308">
        <ele>307.53</ele>
        <time>2026-09-06T19:07:45Z</time>
      </trkpt>
      <trkpt lat="48.690945" lon="-85.898945">
        <ele>311.68</ele>
        <time>2026-09-06T19:17:45Z</time>
      </trkpt>
      <trkpt lat="48.685430" lon="-86.113586">
        <ele>253.79</ele>
        <time>2026-09-06T19:27:45Z</time>
      </trkpt>
      <trkpt lat="48.709806" lon="-86.313356">
        <ele>309.60</ele>
        <time>2026-09-06T19:37:45Z</time>
      </trkpt>
      <trkpt lat="48.716983" lon="-86.378738">
        <ele>227.00</ele>
        <time>2026-09-06T19:47:45Z</time>
      </trkpt>
      <trkpt lat="48.716823" lon="-86.378888">
        <ele>212.60</ele>
        <time>2026-09-06T19:57:45Z</time>
      </trkpt>
      <trkpt lat="48.752463" lon="-86.343956">
        <ele>334.49</ele>
        <time>2026-09-06T20:07:45Z</time>
      </trkpt>
      <trkpt lat="48.794715" lon="-86.491820">
        <ele>299.25</ele>
        <time>2026-09-06T20:17:45Z</time>
      </trkpt>
      <trkpt lat="48.798115" lon="-86.622198">
        <ele>268.23</ele>
        <time>2026-09-06T20:27:45Z</time>
      </trkpt>
      <trkpt lat="48.806311" lon="-86.659748">
        <ele>297.18</ele>
        <time>2026-09-06T20:37:45Z</time>
      </trkpt>
      <trkpt lat="48.784628" lon="-86.835080">
        <ele>247.60</ele>
        <time>2026-09-06T20:47:45Z</time>
      </trkpt>
      <trkpt lat="48.853658" lon="-86.952860">
        <ele>245.54</ele>
        <time>2026-09-06T20:57:45Z</time>
      </trkpt>
      <trkpt lat="48.785863" lon="-87.094845">
        <ele>299.25</ele>
        <time>2026-09-06T21:07:45Z</time>
      </trkpt>
      <trkpt lat="48.808415" lon="-87.260091">
        <ele>328.27</ele>
        <time>2026-09-06T21:17:45Z</time>
      </trkpt>
      <trkpt lat="48.840623" lon="-87.426495">
        <ele>222.88</ele>
        <time>2026-09-06T21:27:45Z</time>
      </trkpt>
      <trkpt lat="48.881983" lon="-87.560756">
        <ele>218.77</ele>
        <time>2026-09-06T21:37:45Z</time>
      </trkpt>
      <trkpt lat="48.912710" lon="-87.739133">
        <ele>222.88</ele>
        <time>2026-09-06T21:47:45Z</time>
      </trkpt>
      <trkpt lat="48.937483" lon="-87.929163">
        <ele>144.91</ele>
        <time>2026-09-06T21:58:00Z</time>
      </trkpt>
      <trkpt lat="48.992758" lon="-88.023190">
        <ele>208.49</ele>
        <time>2026-09-06T22:08:00Z</time>
      </trkpt>
      <trkpt lat="49.021500" lon="-88.034091">
        <ele>146.96</ele>
        <time>2026-09-06T22:18:00Z</time>
      </trkpt>
      <trkpt lat="49.018560" lon="-88.226438">
        <ele>218.77</ele>
        <time>2026-09-06T22:28:00Z</time>
      </trkpt>
      <trkpt lat="48.951001" lon="-88.351428">
        <ele>196.16</ele>
        <time>2026-09-06T22:38:00Z</time>
      </trkpt>
      <trkpt lat="48.867036" lon="-88.496825">
        <ele>210.54</ele>
        <time>2026-09-06T22:48:00Z</time>
      </trkpt>
      <trkpt lat="48.822018" lon="-88.532188">
        <ele>187.95</ele>
        <time>2026-09-06T22:58:00Z</time>
      </trkpt>
      <trkpt lat="48.774961" lon="-88.559890">
        <ele>206.43</ele>
        <time>2026-09-06T23:08:00Z</time>
      </trkpt>
      <trkpt lat="48.655796" lon="-88.674260">
        <ele>251.72</ele>
        <time>2026-09-06T23:18:00Z</time>
      </trkpt>
      <trkpt lat="48.567960" lon="-88.846565">
        <ele>262.04</ele>
        <time>2026-09-06T23:28:00Z</time>
      </trkpt>
      <trkpt lat="48.505346" lon="-89.050305">
        <ele>249.66</ele>
        <time>2026-09-06T23:38:00Z</time>
      </trkpt>
      <trkpt lat="48.461948" lon="-89.225228">
        <ele>241.42</ele>
        <time>2026-09-06T23:48:00Z</time>
      </trkpt>
      <trkpt lat="48.422788" lon="-89.237630">
        <ele>187.95</ele>
        <time>2026-09-06T23:58:00Z</time>
      </trkpt>
      <trkpt lat="48.422735" lon="-89.237608">
        <ele>181.79</ele>
        <time>2026-09-07T00:08:00Z</time>
      </trkpt>
      <trkpt lat="48.416168" lon="-89.241343">
        <ele>175.64</ele>
        <time>2026-09-07T00:18:00Z</time>
      </trkpt>
      <trkpt lat="48.416180" lon="-89.241406">
        <ele>181.79</ele>
        <time>2026-09-07T00:28:00Z</time>
      </trkpt>
      <trkpt lat="48.422766" lon="-89.237566">
        <ele>183.84</ele>
        <time>2026-09-07T00:37:45Z</time>
      </trkpt>
      <trkpt lat="48.423046" lon="-89.237930">
        <ele>104.05</ele>
        <time>2026-09-07T12:06:45Z</time>
      </trkpt>
      <trkpt lat="48.434396" lon="-89.234711">
        <ele>241.42</ele>
        <time>2026-09-07T12:16:45Z</time>
      </trkpt>
      <trkpt lat="48.446188" lon="-89.228210">
        <ele>241.42</ele>
        <time>2026-09-07T12:26:45Z</time>
      </trkpt>
      <trkpt lat="48.484833" lon="-89.168471">
        <ele>262.04</ele>
        <time>2026-09-07T12:36:45Z</time>
      </trkpt>
      <trkpt lat="48.484865" lon="-89.168386">
        <ele>268.23</ele>
        <time>2026-09-07T12:46:45Z</time>
      </trkpt>
      <trkpt lat="48.486765" lon="-89.162893">
        <ele>259.98</ele>
        <time>2026-09-07T12:56:45Z</time>
      </trkpt>
      <trkpt lat="48.434268" lon="-89.274710">
        <ele>227.00</ele>
        <time>2026-09-07T13:06:45Z</time>
      </trkpt>
      <trkpt lat="48.384358" lon="-89.438260">
        <ele>231.12</ele>
        <time>2026-09-07T13:16:45Z</time>
      </trkpt>
      <trkpt lat="48.401760" lon="-89.615456">
        <ele>274.43</ele>
        <time>2026-09-07T13:26:45Z</time>
      </trkpt>
      <trkpt lat="48.403380" lon="-89.624255">
        <ele>259.98</ele>
        <time>2026-09-07T13:36:45Z</time>
      </trkpt>
      <trkpt lat="48.403433" lon="-89.624233">
        <ele>262.04</ele>
        <time>2026-09-07T13:46:45Z</time>
      </trkpt>
      <trkpt lat="48.512965" lon="-89.652921">
        <ele>386.52</ele>
        <time>2026-09-07T14:26:45Z</time>
      </trkpt>
      <trkpt lat="48.574365" lon="-89.797053">
        <ele>411.59</ele>
        <time>2026-09-07T14:36:45Z</time>
      </trkpt>
      <trkpt lat="48.593495" lon="-89.888076">
        <ele>413.68</ele>
        <time>2026-09-07T14:46:45Z</time>
      </trkpt>
      <trkpt lat="48.705858" lon="-89.888698">
        <ele>470.29</ele>
        <time>2026-09-07T14:56:45Z</time>
      </trkpt>
      <trkpt lat="48.848658" lon="-89.948845">
        <ele>476.60</ele>
        <time>2026-09-07T15:06:45Z</time>
      </trkpt>
      <trkpt lat="48.936131" lon="-90.133488">
        <ele>478.70</ele>
        <time>2026-09-07T15:16:45Z</time>
      </trkpt>
      <trkpt lat="48.954670" lon="-90.254188">
        <ele>459.78</ele>
        <time>2026-09-07T15:26:45Z</time>
      </trkpt>
      <trkpt lat="48.954660" lon="-90.254188">
        <ele>459.78</ele>
        <time>2026-09-07T15:36:45Z</time>
      </trkpt>
      <trkpt lat="48.957373" lon="-90.276911">
        <ele>459.78</ele>
        <time>2026-09-07T16:06:45Z</time>
      </trkpt>
      <trkpt lat="49.032315" lon="-90.462498">
        <ele>480.81</ele>
        <time>2026-09-07T16:16:45Z</time>
      </trkpt>
      <trkpt lat="49.047668" lon="-90.646820">
        <ele>466.09</ele>
        <time>2026-09-07T16:26:45Z</time>
      </trkpt>
      <trkpt lat="49.148015" lon="-90.805778">
        <ele>472.39</ele>
        <time>2026-09-07T16:36:45Z</time>
      </trkpt>
      <trkpt lat="49.225080" lon="-90.963663">
        <ele>461.88</ele>
        <time>2026-09-07T16:46:45Z</time>
      </trkpt>
      <trkpt lat="49.263038" lon="-91.158585">
        <ele>470.29</ele>
        <time>2026-09-07T16:56:45Z</time>
      </trkpt>
      <trkpt lat="49.308593" lon="-91.362691">
        <ele>470.29</ele>
        <time>2026-09-07T17:06:45Z</time>
      </trkpt>
      <trkpt lat="49.371121" lon="-91.566238">
        <ele>461.88</ele>
        <time>2026-09-07T17:16:45Z</time>
      </trkpt>
      <trkpt lat="49.437328" lon="-91.721956">
        <ele>440.90</ele>
        <time>2026-09-07T17:26:45Z</time>
      </trkpt>
      <trkpt lat="49.469815" lon="-91.926920">
        <ele>430.42</ele>
        <time>2026-09-07T17:36:45Z</time>
      </trkpt>
      <trkpt lat="49.485876" lon="-91.987130">
        <ele>438.80</ele>
        <time>2026-09-07T17:46:45Z</time>
      </trkpt>
      <trkpt lat="49.547385" lon="-92.185613">
        <ele>401.14</ele>
        <time>2026-09-07T17:56:45Z</time>
      </trkpt>
      <trkpt lat="49.590311" lon="-92.383561">
        <ele>384.44</ele>
        <time>2026-09-07T18:06:45Z</time>
      </trkpt>
      <trkpt lat="49.618560" lon="-92.442570">
        <ele>388.61</ele>
        <time>2026-09-07T18:16:45Z</time>
      </trkpt>
      <trkpt lat="49.618591" lon="-92.442570">
        <ele>390.70</ele>
        <time>2026-09-07T18:26:45Z</time>
      </trkpt>
      <trkpt lat="49.688651" lon="-92.495248">
        <ele>374.02</ele>
        <time>2026-09-07T18:36:45Z</time>
      </trkpt>
      <trkpt lat="49.718413" lon="-92.601378">
        <ele>369.85</ele>
        <time>2026-09-07T18:46:45Z</time>
      </trkpt>
      <trkpt lat="49.718391" lon="-92.601378">
        <ele>367.77</ele>
        <time>2026-09-07T18:56:45Z</time>
      </trkpt>
      <trkpt lat="49.758250" lon="-92.653606">
        <ele>384.44</ele>
        <time>2026-09-07T19:06:45Z</time>
      </trkpt>
      <trkpt lat="49.764858" lon="-92.652596">
        <ele>378.18</ele>
        <time>2026-09-07T19:16:45Z</time>
      </trkpt>
      <trkpt lat="49.764880" lon="-92.652596">
        <ele>382.35</ele>
        <time>2026-09-07T19:26:45Z</time>
      </trkpt>
      <trkpt lat="49.763453" lon="-92.652383">
        <ele>382.35</ele>
        <time>2026-09-07T19:36:45Z</time>
      </trkpt>
      <trkpt lat="49.785565" lon="-92.796750">
        <ele>384.44</ele>
        <time>2026-09-07T19:46:45Z</time>
      </trkpt>
      <trkpt lat="49.785961" lon="-92.831446">
        <ele>376.10</ele>
        <time>2026-09-07T19:56:45Z</time>
      </trkpt>
      <trkpt lat="49.785995" lon="-92.831468">
        <ele>371.93</ele>
        <time>2026-09-07T20:06:45Z</time>
      </trkpt>
      <trkpt lat="49.787185" lon="-92.828915">
        <ele>376.10</ele>
        <time>2026-09-07T20:16:45Z</time>
      </trkpt>
      <trkpt lat="49.815048" lon="-92.916591">
        <ele>367.77</ele>
        <time>2026-09-07T20:26:45Z</time>
      </trkpt>
      <trkpt lat="49.815015" lon="-93.135030">
        <ele>355.28</ele>
        <time>2026-09-07T20:36:45Z</time>
      </trkpt>
      <trkpt lat="49.843330" lon="-93.337505">
        <ele>374.02</ele>
        <time>2026-09-07T20:46:45Z</time>
      </trkpt>
      <trkpt lat="49.817836" lon="-93.508008">
        <ele>401.14</ele>
        <time>2026-09-07T20:56:45Z</time>
      </trkpt>
      <trkpt lat="49.834660" lon="-93.714430">
        <ele>413.68</ele>
        <time>2026-09-07T21:06:45Z</time>
      </trkpt>
      <trkpt lat="49.841118" lon="-93.827040">
        <ele>432.51</ele>
        <time>2026-09-07T21:16:45Z</time>
      </trkpt>
      <trkpt lat="49.841161" lon="-93.827061">
        <ele>438.80</ele>
        <time>2026-09-07T21:26:45Z</time>
      </trkpt>
      <trkpt lat="49.834285" lon="-93.946666">
        <ele>392.78</ele>
        <time>2026-09-07T21:46:45Z</time>
      </trkpt>
      <trkpt lat="49.834253" lon="-93.946666">
        <ele>392.78</ele>
        <time>2026-09-07T21:56:45Z</time>
      </trkpt>
      <trkpt lat="49.806421" lon="-94.019880">
        <ele>394.87</ele>
        <time>2026-09-07T22:16:45Z</time>
      </trkpt>
      <trkpt lat="49.753840" lon="-94.197141">
        <ele>382.35</ele>
        <time>2026-09-07T22:26:45Z</time>
      </trkpt>
      <trkpt lat="49.744741" lon="-94.357581">
        <ele>382.35</ele>
        <time>2026-09-07T22:36:45Z</time>
      </trkpt>
      <trkpt lat="49.766693" lon="-94.490726">
        <ele>328.27</ele>
        <time>2026-09-07T22:46:45Z</time>
      </trkpt>
      <trkpt lat="49.770513" lon="-94.498043">
        <ele>326.19</ele>
        <time>2026-09-07T22:56:45Z</time>
      </trkpt>
      <trkpt lat="49.763613" lon="-94.526453">
        <ele>346.96</ele>
        <time>2026-09-07T23:06:45Z</time>
      </trkpt>
      <trkpt lat="49.756661" lon="-94.568896">
        <ele>353.20</ele>
        <time>2026-09-07T23:16:45Z</time>
      </trkpt>
      <trkpt lat="49.719056" lon="-94.728090">
        <ele>365.68</ele>
        <time>2026-09-07T23:26:45Z</time>
      </trkpt>
      <trkpt lat="49.721631" lon="-94.930093">
        <ele>371.93</ele>
        <time>2026-09-07T23:36:45Z</time>
      </trkpt>
      <trkpt lat="49.739785" lon="-95.153210">
        <ele>388.61</ele>
        <time>2026-09-07T23:46:45Z</time>
      </trkpt>
      <trkpt lat="49.686066" lon="-95.348753">
        <ele>332.42</ele>
        <time>2026-09-07T23:56:45Z</time>
      </trkpt>
      <trkpt lat="49.635318" lon="-95.565218">
        <ele>340.73</ele>
        <time>2026-09-08T00:06:45Z</time>
      </trkpt>
      <trkpt lat="49.648836" lon="-95.792048">
        <ele>309.60</ele>
        <time>2026-09-08T00:16:45Z</time>
      </trkpt>
      <trkpt lat="49.658353" lon="-96.023361">
        <ele>326.19</ele>
        <time>2026-09-08T00:26:45Z</time>
      </trkpt>
      <trkpt lat="49.656851" lon="-96.182041">
        <ele>317.90</ele>
        <time>2026-09-08T00:36:45Z</time>
      </trkpt>
      <trkpt lat="49.663353" lon="-96.422710">
        <ele>282.70</ele>
        <time>2026-09-08T00:46:45Z</time>
      </trkpt>
      <trkpt lat="49.700410" lon="-96.643853">
        <ele>247.60</ele>
        <time>2026-09-08T00:56:45Z</time>
      </trkpt>
      <trkpt lat="49.780371" lon="-96.839805">
        <ele>235.24</ele>
        <time>2026-09-08T01:06:45Z</time>
      </trkpt>
      <trkpt lat="49.826378" lon="-96.971361">
        <ele>259.98</ele>
        <time>2026-09-08T01:16:45Z</time>
      </trkpt>
      <trkpt lat="49.779150" lon="-97.156585">
        <ele>237.30</ele>
        <time>2026-09-08T01:26:45Z</time>
      </trkpt>
      <trkpt lat="49.778891" lon="-97.157635">
        <ele>227.00</ele>
        <time>2026-09-08T01:36:45Z</time>
      </trkpt>
      <trkpt lat="49.778860" lon="-97.157635">
        <ele>222.88</ele>
        <time>2026-09-08T05:36:45Z</time>
      </trkpt>
      <trkpt lat="49.778913" lon="-97.157678">
        <ele>231.12</ele>
        <time>2026-09-08T09:36:45Z</time>
      </trkpt>
      <trkpt lat="49.778848" lon="-97.157678">
        <ele>231.12</ele>
        <time>2026-09-08T13:36:45Z</time>
      </trkpt>
      <trkpt lat="49.802870" lon="-97.083521">
        <ele>229.06</ele>
        <time>2026-09-08T14:06:45Z</time>
      </trkpt>
      <trkpt lat="49.810981" lon="-96.914133">
        <ele>245.54</ele>
        <time>2026-09-08T14:16:45Z</time>
      </trkpt>
      <trkpt lat="49.771746" lon="-96.817038">
        <ele>239.36</ele>
        <time>2026-09-08T14:26:45Z</time>
      </trkpt>
      <trkpt lat="49.771681" lon="-96.817101">
        <ele>243.48</ele>
        <time>2026-09-08T14:36:45Z</time>
      </trkpt>
      <trkpt lat="49.828760" lon="-96.948853">
        <ele>233.18</ele>
        <time>2026-09-08T14:46:45Z</time>
      </trkpt>
      <trkpt lat="49.857383" lon="-97.100215">
        <ele>237.30</ele>
        <time>2026-09-08T14:56:45Z</time>
      </trkpt>
      <trkpt lat="49.880355" lon="-97.147185">
        <ele>229.06</ele>
        <time>2026-09-08T15:06:45Z</time>
      </trkpt>
      <trkpt lat="49.881738" lon="-97.198641">
        <ele>231.12</ele>
        <time>2026-09-08T15:16:45Z</time>
      </trkpt>
      <trkpt lat="49.881685" lon="-97.198663">
        <ele>231.12</ele>
        <time>2026-09-08T15:26:45Z</time>
      </trkpt>
      <trkpt lat="49.887016" lon="-97.195208">
        <ele>229.06</ele>
        <time>2026-09-08T15:56:45Z</time>
      </trkpt>
      <trkpt lat="49.886985" lon="-97.195230">
        <ele>227.00</ele>
        <time>2026-09-08T16:06:45Z</time>
      </trkpt>
      <trkpt lat="49.878638" lon="-97.224498">
        <ele>233.18</ele>
        <time>2026-09-08T16:26:45Z</time>
      </trkpt>
      <trkpt lat="49.882896" lon="-97.299793">
        <ele>229.06</ele>
        <time>2026-09-08T16:36:45Z</time>
      </trkpt>
      <trkpt lat="49.884860" lon="-97.312603">
        <ele>239.36</ele>
        <time>2026-09-08T16:46:45Z</time>
      </trkpt>
      <trkpt lat="49.884838" lon="-97.312581">
        <ele>241.42</ele>
        <time>2026-09-08T16:56:45Z</time>
      </trkpt>
      <trkpt lat="49.881395" lon="-97.319061">
        <ele>231.12</ele>
        <time>2026-09-08T17:06:45Z</time>
      </trkpt>
      <trkpt lat="49.887435" lon="-97.498920">
        <ele>235.24</ele>
        <time>2026-09-08T17:16:45Z</time>
      </trkpt>
      <trkpt lat="49.904645" lon="-97.744525">
        <ele>241.42</ele>
        <time>2026-09-08T17:26:45Z</time>
      </trkpt>
      <trkpt lat="49.907810" lon="-97.758686">
        <ele>241.42</ele>
        <time>2026-09-08T17:36:45Z</time>
      </trkpt>
      <trkpt lat="49.946883" lon="-97.972620">
        <ele>253.79</ele>
        <time>2026-09-08T17:46:45Z</time>
      </trkpt>
      <trkpt lat="49.975863" lon="-98.218803">
        <ele>257.91</ele>
        <time>2026-09-08T17:56:45Z</time>
      </trkpt>
      <trkpt lat="49.975196" lon="-98.422886">
        <ele>262.04</ele>
        <time>2026-09-08T18:06:45Z</time>
      </trkpt>
      <trkpt lat="49.975390" lon="-98.663213">
        <ele>286.83</ele>
        <time>2026-09-08T18:16:45Z</time>
      </trkpt>
      <trkpt lat="49.960348" lon="-98.885386">
        <ele>313.75</ele>
        <time>2026-09-08T18:26:45Z</time>
      </trkpt>
      <trkpt lat="49.901833" lon="-99.083933">
        <ele>369.85</ele>
        <time>2026-09-08T18:36:45Z</time>
      </trkpt>
      <trkpt lat="49.901490" lon="-99.329260">
        <ele>384.44</ele>
        <time>2026-09-08T18:46:45Z</time>
      </trkpt>
      <trkpt lat="49.902251" lon="-99.559393">
        <ele>376.10</ele>
        <time>2026-09-08T18:56:45Z</time>
      </trkpt>
      <trkpt lat="49.886888" lon="-99.772618">
        <ele>380.27</ele>
        <time>2026-09-08T19:06:45Z</time>
      </trkpt>
      <trkpt lat="49.873798" lon="-99.939065">
        <ele>401.14</ele>
        <time>2026-09-08T19:16:45Z</time>
      </trkpt>
      <trkpt lat="49.853886" lon="-99.940395">
        <ele>357.36</ele>
        <time>2026-09-08T19:26:45Z</time>
      </trkpt>
      <trkpt lat="49.849058" lon="-99.955651">
        <ele>365.68</ele>
        <time>2026-09-08T19:36:45Z</time>
      </trkpt>
      <trkpt lat="49.842513" lon="-100.053648">
        <ele>386.52</ele>
        <time>2026-09-08T19:46:45Z</time>
      </trkpt>
      <trkpt lat="49.842331" lon="-100.260521">
        <ele>445.09</ele>
        <time>2026-09-08T19:56:45Z</time>
      </trkpt>
      <trkpt lat="49.785146" lon="-100.462740">
        <ele>422.04</ele>
        <time>2026-09-08T20:06:45Z</time>
      </trkpt>
      <trkpt lat="49.771306" lon="-100.500268">
        <ele>442.99</ele>
        <time>2026-09-08T20:16:45Z</time>
      </trkpt>
      <trkpt lat="49.776316" lon="-100.735638">
        <ele>451.38</ele>
        <time>2026-09-08T20:26:45Z</time>
      </trkpt>
      <trkpt lat="49.857170" lon="-100.921483">
        <ele>440.90</ele>
        <time>2026-09-08T20:36:45Z</time>
      </trkpt>
      <trkpt lat="49.935243" lon="-101.118271">
        <ele>495.55</ele>
        <time>2026-09-08T20:46:45Z</time>
      </trkpt>
      <trkpt lat="50.012051" lon="-101.322570">
        <ele>506.09</ele>
        <time>2026-09-08T20:56:45Z</time>
      </trkpt>
      <trkpt lat="50.030601" lon="-101.368811">
        <ele>508.21</ele>
        <time>2026-09-08T21:06:45Z</time>
      </trkpt>
      <trkpt lat="50.086466" lon="-101.535043">
        <ele>542.03</ele>
        <time>2026-09-08T21:16:45Z</time>
      </trkpt>
      <trkpt lat="50.175343" lon="-101.717670">
        <ele>565.35</ele>
        <time>2026-09-08T21:26:45Z</time>
      </trkpt>
      <trkpt lat="50.253836" lon="-101.926603">
        <ele>592.99</ele>
        <time>2026-09-08T21:36:45Z</time>
      </trkpt>
      <trkpt lat="50.312983" lon="-102.144463">
        <ele>595.12</ele>
        <time>2026-09-08T21:46:45Z</time>
      </trkpt>
      <trkpt lat="50.357723" lon="-102.366936">
        <ele>622.84</ele>
        <time>2026-09-08T21:56:45Z</time>
      </trkpt>
      <trkpt lat="50.380758" lon="-102.607068">
        <ele>603.64</ele>
        <time>2026-09-08T22:06:45Z</time>
      </trkpt>
      <trkpt lat="50.403063" lon="-102.852351">
        <ele>595.12</ele>
        <time>2026-09-08T22:16:45Z</time>
      </trkpt>
      <trkpt lat="50.412161" lon="-103.084823">
        <ele>607.90</ele>
        <time>2026-09-08T22:26:45Z</time>
      </trkpt>
      <trkpt lat="50.425003" lon="-103.282041">
        <ele>599.37</ele>
        <time>2026-09-08T22:36:45Z</time>
      </trkpt>
      <trkpt lat="50.447170" lon="-104.562828">
        <ele>567.47</ele>
        <time>2026-09-09T00:36:45Z</time>
      </trkpt>
      <trkpt lat="50.404371" lon="-104.650805">
        <ele>569.60</ele>
        <time>2026-09-09T00:46:45Z</time>
      </trkpt>
      <trkpt lat="50.404415" lon="-104.650848">
        <ele>569.60</ele>
        <time>2026-09-09T00:56:45Z</time>
      </trkpt>
      <trkpt lat="50.445475" lon="-104.638058">
        <ele>571.72</ele>
        <time>2026-09-09T01:36:45Z</time>
      </trkpt>
      <trkpt lat="50.445195" lon="-104.618425">
        <ele>584.47</ele>
        <time>2026-09-09T01:46:45Z</time>
      </trkpt>
      <trkpt lat="50.445195" lon="-104.618403">
        <ele>575.97</ele>
        <time>2026-09-09T01:56:45Z</time>
      </trkpt>
      <trkpt lat="50.447073" lon="-104.596195">
        <ele>582.35</ele>
        <time>2026-09-09T02:16:45Z</time>
      </trkpt>
      <trkpt lat="50.449025" lon="-104.536350">
        <ele>578.10</ele>
        <time>2026-09-09T02:26:45Z</time>
      </trkpt>
      <trkpt lat="50.449046" lon="-104.536456">
        <ele>575.97</ele>
        <time>2026-09-09T02:36:45Z</time>
      </trkpt>
      <trkpt lat="50.448971" lon="-104.536371">
        <ele>575.97</ele>
        <time>2026-09-09T06:36:45Z</time>
      </trkpt>
      <trkpt lat="50.448983" lon="-104.536393">
        <ele>575.97</ele>
        <time>2026-09-09T10:36:45Z</time>
      </trkpt>
      <trkpt lat="50.447180" lon="-104.563106">
        <ele>578.10</ele>
        <time>2026-09-09T13:36:45Z</time>
      </trkpt>
      <trkpt lat="50.397161" lon="-104.724898">
        <ele>571.72</ele>
        <time>2026-09-09T13:46:45Z</time>
      </trkpt>
      <trkpt lat="50.396905" lon="-104.965416">
        <ele>584.47</ele>
        <time>2026-09-09T13:56:45Z</time>
      </trkpt>
      <trkpt lat="50.396915" lon="-105.223316">
        <ele>578.10</ele>
        <time>2026-09-09T14:06:45Z</time>
      </trkpt>
      <trkpt lat="50.396990" lon="-105.452893">
        <ele>531.45</ele>
        <time>2026-09-09T14:16:45Z</time>
      </trkpt>
      <trkpt lat="50.412966" lon="-105.510356">
        <ele>567.47</ele>
        <time>2026-09-09T14:26:45Z</time>
      </trkpt>
      <trkpt lat="50.412976" lon="-105.510378">
        <ele>565.35</ele>
        <time>2026-09-09T14:36:45Z</time>
      </trkpt>
      <trkpt lat="50.426045" lon="-105.663028">
        <ele>575.97</ele>
        <time>2026-09-09T15:26:45Z</time>
      </trkpt>
      <trkpt lat="50.483305" lon="-105.886230">
        <ele>567.47</ele>
        <time>2026-09-09T15:36:45Z</time>
      </trkpt>
      <trkpt lat="50.463305" lon="-106.131170">
        <ele>607.90</ele>
        <time>2026-09-09T15:46:45Z</time>
      </trkpt>
      <trkpt lat="50.463585" lon="-106.366881">
        <ele>631.39</ele>
        <time>2026-09-09T15:56:45Z</time>
      </trkpt>
      <trkpt lat="50.464518" lon="-106.609311">
        <ele>684.99</ele>
        <time>2026-09-09T16:06:45Z</time>
      </trkpt>
      <trkpt lat="50.479431" lon="-106.849680">
        <ele>695.75</ele>
        <time>2026-09-09T16:16:45Z</time>
      </trkpt>
      <trkpt lat="50.409961" lon="-107.048871">
        <ele>691.44</ele>
        <time>2026-09-09T16:26:45Z</time>
      </trkpt>
      <trkpt lat="50.400070" lon="-107.279305">
        <ele>704.36</ele>
        <time>2026-09-09T16:36:45Z</time>
      </trkpt>
      <trkpt lat="50.375845" lon="-107.507336">
        <ele>728.10</ele>
        <time>2026-09-09T16:46:45Z</time>
      </trkpt>
      <trkpt lat="50.321288" lon="-107.731183">
        <ele>738.91</ele>
        <time>2026-09-09T16:56:45Z</time>
      </trkpt>
      <trkpt lat="50.308295" lon="-107.774311">
        <ele>728.10</ele>
        <time>2026-09-09T17:06:45Z</time>
      </trkpt>
      <trkpt lat="50.308263" lon="-107.774355">
        <ele>725.94</ele>
        <time>2026-09-09T17:16:45Z</time>
      </trkpt>
      <trkpt lat="50.286816" lon="-107.853856">
        <ele>747.57</ele>
        <time>2026-09-09T17:36:45Z</time>
      </trkpt>
      <trkpt lat="50.237581" lon="-108.081671">
        <ele>767.09</ele>
        <time>2026-09-09T17:46:45Z</time>
      </trkpt>
      <trkpt lat="50.151890" lon="-108.309553">
        <ele>771.43</ele>
        <time>2026-09-09T17:56:45Z</time>
      </trkpt>
      <trkpt lat="50.100585" lon="-108.488531">
        <ele>780.13</ele>
        <time>2026-09-09T18:06:45Z</time>
      </trkpt>
      <trkpt lat="50.106840" lon="-108.495933">
        <ele>780.13</ele>
        <time>2026-09-09T18:16:45Z</time>
      </trkpt>
      <trkpt lat="50.106818" lon="-108.495933">
        <ele>777.95</ele>
        <time>2026-09-09T18:26:45Z</time>
      </trkpt>
      <trkpt lat="50.070298" lon="-108.631375">
        <ele>793.18</ele>
        <time>2026-09-09T18:36:45Z</time>
      </trkpt>
      <trkpt lat="50.063506" lon="-108.873010">
        <ele>764.92</ele>
        <time>2026-09-09T18:46:45Z</time>
      </trkpt>
      <trkpt lat="50.010376" lon="-109.100118">
        <ele>760.58</ele>
        <time>2026-09-09T18:56:45Z</time>
      </trkpt>
      <trkpt lat="49.983255" lon="-109.338405">
        <ele>767.09</ele>
        <time>2026-09-09T19:06:45Z</time>
      </trkpt>
      <trkpt lat="49.975348" lon="-109.571091">
        <ele>762.75</ele>
        <time>2026-09-09T19:16:45Z</time>
      </trkpt>
      <trkpt lat="49.961281" lon="-109.817018">
        <ele>814.99</ele>
        <time>2026-09-09T19:26:45Z</time>
      </trkpt>
      <trkpt lat="49.949308" lon="-110.024256">
        <ele>741.08</ele>
        <time>2026-09-09T19:36:45Z</time>
      </trkpt>
      <trkpt lat="49.948986" lon="-110.024728">
        <ele>736.75</ele>
        <time>2026-09-09T19:46:45Z</time>
      </trkpt>
      <trkpt lat="49.940146" lon="-110.089895">
        <ele>751.91</ele>
        <time>2026-09-09T20:06:45Z</time>
      </trkpt>
      <trkpt lat="49.956165" lon="-110.330521">
        <ele>754.07</ele>
        <time>2026-09-09T20:16:45Z</time>
      </trkpt>
      <trkpt lat="49.973716" lon="-110.566063">
        <ele>732.43</ele>
        <time>2026-09-09T20:26:45Z</time>
      </trkpt>
      <trkpt lat="50.011921" lon="-110.685325">
        <ele>702.21</ele>
        <time>2026-09-09T20:36:45Z</time>
      </trkpt>
      <trkpt lat="50.011933" lon="-110.685238">
        <ele>700.05</ele>
        <time>2026-09-09T20:46:45Z</time>
      </trkpt>
      <trkpt lat="50.024066" lon="-110.697963">
        <ele>700.05</ele>
        <time>2026-09-09T20:56:45Z</time>
      </trkpt>
      <trkpt lat="50.096465" lon="-110.813148">
        <ele>741.08</ele>
        <time>2026-09-09T21:06:45Z</time>
      </trkpt>
      <trkpt lat="50.178186" lon="-111.026780">
        <ele>754.07</ele>
        <time>2026-09-09T21:16:45Z</time>
      </trkpt>
      <trkpt lat="50.255176" lon="-111.237966">
        <ele>756.24</ele>
        <time>2026-09-09T21:26:45Z</time>
      </trkpt>
      <trkpt lat="50.359676" lon="-111.417266">
        <ele>747.57</ele>
        <time>2026-09-09T21:36:45Z</time>
      </trkpt>
      <trkpt lat="50.462265" lon="-111.594615">
        <ele>747.57</ele>
        <time>2026-09-09T21:46:45Z</time>
      </trkpt>
      <trkpt lat="50.538740" lon="-111.799921">
        <ele>777.95</ele>
        <time>2026-09-09T21:56:45Z</time>
      </trkpt>
      <trkpt lat="50.572503" lon="-111.868156">
        <ele>743.24</ele>
        <time>2026-09-09T22:06:45Z</time>
      </trkpt>
      <trkpt lat="50.618616" lon="-111.948516">
        <ele>754.07</ele>
        <time>2026-09-09T22:16:45Z</time>
      </trkpt>
      <trkpt lat="50.684341" lon="-112.177126">
        <ele>775.78</ele>
        <time>2026-09-09T22:26:45Z</time>
      </trkpt>
      <trkpt lat="50.763906" lon="-112.398763">
        <ele>775.78</ele>
        <time>2026-09-09T22:36:45Z</time>
      </trkpt>
      <trkpt lat="50.834170" lon="-112.579071">
        <ele>836.85</ele>
        <time>2026-09-09T22:46:45Z</time>
      </trkpt>
      <trkpt lat="50.843696" lon="-112.825685">
        <ele>902.79</ele>
        <time>2026-09-09T22:56:45Z</time>
      </trkpt>
      <trkpt lat="50.849253" lon="-113.036656">
        <ele>887.35</ele>
        <time>2026-09-09T23:06:45Z</time>
      </trkpt>
      <trkpt lat="50.892610" lon="-113.218145">
        <ele>918.25</ele>
        <time>2026-09-09T23:16:45Z</time>
      </trkpt>
      <trkpt lat="50.902448" lon="-113.448343">
        <ele>964.83</ele>
        <time>2026-09-09T23:26:45Z</time>
      </trkpt>
      <trkpt lat="50.997848" lon="-113.539946">
        <ele>1000.50</ele>
        <time>2026-09-09T23:36:45Z</time>
      </trkpt>
      <trkpt lat="51.037888" lon="-113.694763">
        <ele>1004.97</ele>
        <time>2026-09-09T23:46:45Z</time>
      </trkpt>
      <trkpt lat="51.066996" lon="-113.857111">
        <ele>1056.58</ele>
        <time>2026-09-09T23:56:45Z</time>
      </trkpt>
      <trkpt lat="51.079891" lon="-113.867090">
        <ele>1052.08</ele>
        <time>2026-09-10T00:06:45Z</time>
      </trkpt>
      <trkpt lat="51.095631" lon="-113.865438">
        <ele>1061.08</ele>
        <time>2026-09-10T00:16:45Z</time>
      </trkpt>
      <trkpt lat="51.096125" lon="-113.963348">
        <ele>1092.69</ele>
        <time>2026-09-10T00:26:45Z</time>
      </trkpt>
      <trkpt lat="51.087960" lon="-114.002873">
        <ele>1085.90</ele>
        <time>2026-09-10T00:36:45Z</time>
      </trkpt>
      <trkpt lat="51.087991" lon="-114.002831">
        <ele>1081.38</ele>
        <time>2026-09-10T00:46:45Z</time>
      </trkpt>
      <trkpt lat="51.081673" lon="-114.001736">
        <ele>1090.42</ele>
        <time>2026-09-10T02:06:45Z</time>
      </trkpt>
      <trkpt lat="51.076298" lon="-113.982360">
        <ele>1088.16</ele>
        <time>2026-09-10T02:16:45Z</time>
      </trkpt>
      <trkpt lat="51.067050" lon="-114.038945">
        <ele>1079.13</ele>
        <time>2026-09-10T02:26:45Z</time>
      </trkpt>
      <trkpt lat="51.066975" lon="-114.097480">
        <ele>1092.69</ele>
        <time>2026-09-10T02:36:45Z</time>
      </trkpt>
      <trkpt lat="51.067318" lon="-114.084648">
        <ele>1085.90</ele>
        <time>2026-09-10T02:46:45Z</time>
      </trkpt>
      <trkpt lat="51.066878" lon="-114.055745">
        <ele>1076.87</ele>
        <time>2026-09-10T02:56:45Z</time>
      </trkpt>
      <trkpt lat="51.087938" lon="-114.002680">
        <ele>1081.38</ele>
        <time>2026-09-10T03:06:45Z</time>
      </trkpt>
      <trkpt lat="51.087960" lon="-114.002723">
        <ele>1079.13</ele>
        <time>2026-09-10T03:16:45Z</time>
      </trkpt>
      <trkpt lat="51.087950" lon="-114.002660">
        <ele>1088.16</ele>
        <time>2026-09-10T07:16:45Z</time>
      </trkpt>
      <trkpt lat="51.087981" lon="-114.002701">
        <ele>1083.64</ele>
        <time>2026-09-10T11:16:45Z</time>
      </trkpt>
      <trkpt lat="51.096200" lon="-114.032463">
        <ele>1072.35</ele>
        <time>2026-09-10T14:06:45Z</time>
      </trkpt>
      <trkpt lat="51.156378" lon="-114.114281">
        <ele>1099.48</ele>
        <time>2026-09-10T14:16:45Z</time>
      </trkpt>
      <trkpt lat="51.089838" lon="-114.236763">
        <ele>1128.97</ele>
        <time>2026-09-10T14:26:45Z</time>
      </trkpt>
      <trkpt lat="51.086790" lon="-114.463548">
        <ele>1252.78</ele>
        <time>2026-09-10T14:36:45Z</time>
      </trkpt>
      <trkpt lat="51.124288" lon="-114.676538">
        <ele>1317.83</ele>
        <time>2026-09-10T14:46:45Z</time>
      </trkpt>
      <trkpt lat="51.142548" lon="-114.879676">
        <ele>1285.23</ele>
        <time>2026-09-10T14:56:45Z</time>
      </trkpt>
      <trkpt lat="51.069431" lon="-115.079298">
        <ele>1331.84</ele>
        <time>2026-09-10T15:06:45Z</time>
      </trkpt>
      <trkpt lat="51.041256" lon="-115.280400">
        <ele>1308.50</ele>
        <time>2026-09-10T15:16:45Z</time>
      </trkpt>
      <trkpt lat="51.106403" lon="-115.366466">
        <ele>1317.83</ele>
        <time>2026-09-10T15:26:45Z</time>
      </trkpt>
      <trkpt lat="51.106413" lon="-115.366551">
        <ele>1317.83</ele>
        <time>2026-09-10T15:36:45Z</time>
      </trkpt>
      <trkpt lat="51.173811" lon="-115.470085">
        <ele>1350.58</ele>
        <time>2026-09-10T15:56:45Z</time>
      </trkpt>
      <trkpt lat="51.204733" lon="-115.537526">
        <ele>1392.91</ele>
        <time>2026-09-10T16:06:45Z</time>
      </trkpt>
      <trkpt lat="51.186043" lon="-115.556045">
        <ele>1395.27</ele>
        <time>2026-09-10T16:16:45Z</time>
      </trkpt>
      <trkpt lat="51.180731" lon="-115.569070">
        <ele>1383.48</ele>
        <time>2026-09-10T16:26:45Z</time>
      </trkpt>
      <trkpt lat="51.181611" lon="-115.606276">
        <ele>1411.81</ele>
        <time>2026-09-10T16:36:45Z</time>
      </trkpt>
      <trkpt lat="51.200441" lon="-115.771330">
        <ele>1428.39</ele>
        <time>2026-09-10T16:46:45Z</time>
      </trkpt>
      <trkpt lat="51.274866" lon="-115.959985">
        <ele>1442.63</ele>
        <time>2026-09-10T16:56:45Z</time>
      </trkpt>
      <trkpt lat="51.310068" lon="-116.025431">
        <ele>1459.29</ele>
        <time>2026-09-10T17:06:45Z</time>
      </trkpt>
      <trkpt lat="51.416530" lon="-116.170270">
        <ele>1543.18</ele>
        <time>2026-09-10T17:16:45Z</time>
      </trkpt>
      <trkpt lat="51.414771" lon="-116.212800">
        <ele>1751.37</ele>
        <time>2026-09-10T17:26:45Z</time>
      </trkpt>
      <trkpt lat="51.414803" lon="-116.213056">
        <ele>1751.37</ele>
        <time>2026-09-10T17:36:45Z</time>
      </trkpt>
      <trkpt lat="51.412700" lon="-116.188573">
        <ele>1659.94</ele>
        <time>2026-09-10T18:06:45Z</time>
      </trkpt>
      <trkpt lat="51.452505" lon="-116.301763">
        <ele>1657.49</ele>
        <time>2026-09-10T18:16:45Z</time>
      </trkpt>
      <trkpt lat="51.408226" lon="-116.470935">
        <ele>1255.09</ele>
        <time>2026-09-10T18:26:45Z</time>
      </trkpt>
      <trkpt lat="51.312728" lon="-116.578395">
        <ele>1179.16</ele>
        <time>2026-09-10T18:36:45Z</time>
      </trkpt>
      <trkpt lat="51.226770" lon="-116.628863">
        <ele>1108.54</ele>
        <time>2026-09-10T18:46:45Z</time>
      </trkpt>
      <trkpt lat="51.289640" lon="-116.833420">
        <ele>896.17</ele>
        <time>2026-09-10T18:56:45Z</time>
      </trkpt>
      <trkpt lat="51.300713" lon="-116.953840">
        <ele>896.17</ele>
        <time>2026-09-10T19:06:45Z</time>
      </trkpt>
      <trkpt lat="51.300723" lon="-116.953840">
        <ele>896.17</ele>
        <time>2026-09-10T19:16:45Z</time>
      </trkpt>
      <trkpt lat="51.300766" lon="-116.967295">
        <ele>786.65</ele>
        <time>2026-09-10T19:36:45Z</time>
      </trkpt>
      <trkpt lat="51.295648" lon="-116.960491">
        <ele>786.65</ele>
        <time>2026-09-10T19:46:45Z</time>
      </trkpt>
      <trkpt lat="51.295660" lon="-116.960491">
        <ele>786.65</ele>
        <time>2026-09-10T19:56:45Z</time>
      </trkpt>
      <trkpt lat="51.306871" lon="-116.965856">
        <ele>806.26</ele>
        <time>2026-09-10T20:26:45Z</time>
      </trkpt>
      <trkpt lat="51.320786" lon="-116.974761">
        <ele>786.65</ele>
        <time>2026-09-10T20:36:45Z</time>
      </trkpt>
      <trkpt lat="51.444211" lon="-117.089818">
        <ele>784.47</ele>
        <time>2026-09-10T20:46:45Z</time>
      </trkpt>
      <trkpt lat="51.483231" lon="-117.250213">
        <ele>1034.10</ele>
        <time>2026-09-10T20:56:45Z</time>
      </trkpt>
      <trkpt lat="51.504668" lon="-117.417111">
        <ele>1029.61</ele>
        <time>2026-09-10T21:06:45Z</time>
      </trkpt>
      <trkpt lat="51.395126" lon="-117.458138">
        <ele>854.38</ele>
        <time>2026-09-10T21:16:45Z</time>
      </trkpt>
      <trkpt lat="51.314188" lon="-117.511740">
        <ele>1273.62</ele>
        <time>2026-09-10T21:26:45Z</time>
      </trkpt>
      <trkpt lat="51.260523" lon="-117.570920">
        <ele>1083.64</ele>
        <time>2026-09-10T21:36:45Z</time>
      </trkpt>
      <trkpt lat="51.203016" lon="-117.743783">
        <ele>902.79</ele>
        <time>2026-09-10T21:46:45Z</time>
      </trkpt>
      <trkpt lat="51.138911" lon="-117.864503">
        <ele>659.22</ele>
        <time>2026-09-10T21:56:45Z</time>
      </trkpt>
      <trkpt lat="51.041065" lon="-117.989045">
        <ele>612.17</ele>
        <time>2026-09-10T22:06:45Z</time>
      </trkpt>
      <trkpt lat="51.003663" lon="-118.194995">
        <ele>508.21</ele>
        <time>2026-09-10T22:16:45Z</time>
      </trkpt>
      <trkpt lat="50.971401" lon="-118.350691">
        <ele>567.47</ele>
        <time>2026-09-10T22:26:45Z</time>
      </trkpt>
      <trkpt lat="50.963345" lon="-118.377213">
        <ele>550.50</ele>
        <time>2026-09-10T22:36:45Z</time>
      </trkpt>
      <trkpt lat="50.963258" lon="-118.377085">
        <ele>550.50</ele>
        <time>2026-09-10T22:46:45Z</time>
      </trkpt>
      <trkpt lat="50.927756" lon="-118.474866">
        <ele>495.55</ele>
        <time>2026-09-10T22:56:45Z</time>
      </trkpt>
      <trkpt lat="50.987130" lon="-118.630650">
        <ele>390.70</ele>
        <time>2026-09-10T23:06:45Z</time>
      </trkpt>
      <trkpt lat="50.918605" lon="-118.800445">
        <ele>359.44</ele>
        <time>2026-09-10T23:16:45Z</time>
      </trkpt>
      <trkpt lat="50.885871" lon="-118.926958">
        <ele>353.20</ele>
        <time>2026-09-10T23:26:45Z</time>
      </trkpt>
      <trkpt lat="50.835875" lon="-118.994271">
        <ele>355.28</ele>
        <time>2026-09-10T23:36:45Z</time>
      </trkpt>
      <trkpt lat="50.788786" lon="-119.146900">
        <ele>424.14</ele>
        <time>2026-09-10T23:46:45Z</time>
      </trkpt>
      <trkpt lat="50.707161" lon="-119.263651">
        <ele>426.23</ele>
        <time>2026-09-10T23:56:45Z</time>
      </trkpt>
      <trkpt lat="50.698953" lon="-119.288520">
        <ele>346.96</ele>
        <time>2026-09-11T00:06:45Z</time>
      </trkpt>
      <trkpt lat="50.693343" lon="-119.298048">
        <ele>351.12</ele>
        <time>2026-09-11T00:16:45Z</time>
      </trkpt>
      <trkpt lat="50.693321" lon="-119.298048">
        <ele>351.12</ele>
        <time>2026-09-11T00:26:45Z</time>
      </trkpt>
      <trkpt lat="50.751986" lon="-119.325385">
        <ele>365.68</ele>
        <time>2026-09-11T00:36:45Z</time>
      </trkpt>
      <trkpt lat="50.876623" lon="-119.390595">
        <ele>489.23</ele>
        <time>2026-09-11T00:46:45Z</time>
      </trkpt>
      <trkpt lat="50.876913" lon="-119.567126">
        <ele>353.20</ele>
        <time>2026-09-11T00:56:45Z</time>
      </trkpt>
      <trkpt lat="50.812915" lon="-119.692590">
        <ele>359.44</ele>
        <time>2026-09-11T01:06:45Z</time>
      </trkpt>
      <trkpt lat="50.825951" lon="-119.677570">
        <ele>342.80</ele>
        <time>2026-09-11T01:16:45Z</time>
      </trkpt>
      <trkpt lat="50.825940" lon="-119.677548">
        <ele>344.88</ele>
        <time>2026-09-11T01:26:45Z</time>
      </trkpt>
      <trkpt lat="50.820221" lon="-119.691946">
        <ele>353.20</ele>
        <time>2026-09-11T02:06:45Z</time>
      </trkpt>
      <trkpt lat="50.717708" lon="-119.779858">
        <ele>349.04</ele>
        <time>2026-09-11T02:16:45Z</time>
      </trkpt>
      <trkpt lat="50.648485" lon="-119.981110">
        <ele>351.12</ele>
        <time>2026-09-11T02:26:45Z</time>
      </trkpt>
      <trkpt lat="50.671241" lon="-120.219096">
        <ele>353.20</ele>
        <time>2026-09-11T02:36:45Z</time>
      </trkpt>
      <trkpt lat="50.652476" lon="-120.367776">
        <ele>631.39</ele>
        <time>2026-09-11T02:46:45Z</time>
      </trkpt>
      <trkpt lat="50.651575" lon="-120.370245">
        <ele>644.22</ele>
        <time>2026-09-11T02:56:45Z</time>
      </trkpt>
      <trkpt lat="50.671338" lon="-120.340761">
        <ele>424.14</ele>
        <time>2026-09-11T03:06:45Z</time>
      </trkpt>
      <trkpt lat="50.677378" lon="-120.334883">
        <ele>351.12</ele>
        <time>2026-09-11T03:16:45Z</time>
      </trkpt>
      <trkpt lat="50.677388" lon="-120.334905">
        <ele>351.12</ele>
        <time>2026-09-11T03:26:45Z</time>
      </trkpt>
      <trkpt lat="50.673440" lon="-120.338873">
        <ele>355.28</ele>
        <time>2026-09-11T04:16:45Z</time>
      </trkpt>
      <trkpt lat="50.651650" lon="-120.370245">
        <ele>635.66</ele>
        <time>2026-09-11T04:26:45Z</time>
      </trkpt>
      <trkpt lat="50.651640" lon="-120.370266">
        <ele>639.94</ele>
        <time>2026-09-11T04:36:45Z</time>
      </trkpt>
      <trkpt lat="50.651650" lon="-120.370288">
        <ele>639.94</ele>
        <time>2026-09-11T08:36:45Z</time>
      </trkpt>
      <trkpt lat="50.651650" lon="-120.370266">
        <ele>639.94</ele>
        <time>2026-09-11T12:36:45Z</time>
      </trkpt>
      <trkpt lat="50.655910" lon="-120.388161">
        <ele>674.24</ele>
        <time>2026-09-11T15:16:45Z</time>
      </trkpt>
      <trkpt lat="50.631105" lon="-120.443995">
        <ele>869.75</ele>
        <time>2026-09-11T15:26:45Z</time>
      </trkpt>
      <trkpt lat="50.615783" lon="-120.425798">
        <ele>907.20</ele>
        <time>2026-09-11T15:36:45Z</time>
      </trkpt>
      <trkpt lat="50.614110" lon="-120.421035">
        <ele>898.38</ele>
        <time>2026-09-11T15:46:45Z</time>
      </trkpt>
      <trkpt lat="50.614100" lon="-120.421035">
        <ele>891.76</ele>
        <time>2026-09-11T15:56:45Z</time>
      </trkpt>
      <trkpt lat="50.615805" lon="-120.441828">
        <ele>856.57</ele>
        <time>2026-09-11T16:06:45Z</time>
      </trkpt>
      <trkpt lat="50.526005" lon="-120.460475">
        <ele>1310.83</ele>
        <time>2026-09-11T16:16:45Z</time>
      </trkpt>
      <trkpt lat="50.525243" lon="-120.460538">
        <ele>1294.53</ele>
        <time>2026-09-11T16:26:45Z</time>
      </trkpt>
      <trkpt lat="50.485428" lon="-120.496801">
        <ele>1299.18</ele>
        <time>2026-09-11T17:16:45Z</time>
      </trkpt>
      <trkpt lat="50.487778" lon="-120.521800">
        <ele>1322.50</ele>
        <time>2026-09-11T17:26:45Z</time>
      </trkpt>
      <trkpt lat="50.484313" lon="-120.535683">
        <ele>1308.50</ele>
        <time>2026-09-11T17:36:45Z</time>
      </trkpt>
      <trkpt lat="50.484280" lon="-120.535726">
        <ele>1310.83</ele>
        <time>2026-09-11T17:46:45Z</time>
      </trkpt>
      <trkpt lat="50.431011" lon="-120.609670">
        <ele>1367.01</ele>
        <time>2026-09-11T18:56:45Z</time>
      </trkpt>
      <trkpt lat="50.261668" lon="-120.630526">
        <ele>1243.53</ele>
        <time>2026-09-11T19:06:45Z</time>
      </trkpt>
      <trkpt lat="50.124650" lon="-120.753608">
        <ele>616.43</ele>
        <time>2026-09-11T19:16:45Z</time>
      </trkpt>
      <trkpt lat="50.163155" lon="-120.663806">
        <ele>624.97</ele>
        <time>2026-09-11T19:26:45Z</time>
      </trkpt>
      <trkpt lat="50.154958" lon="-120.618038">
        <ele>624.97</ele>
        <time>2026-09-11T19:36:45Z</time>
      </trkpt>
      <trkpt lat="50.156171" lon="-120.528795">
        <ele>631.39</ele>
        <time>2026-09-11T19:46:45Z</time>
      </trkpt>
      <trkpt lat="50.154315" lon="-120.535125">
        <ele>627.11</ele>
        <time>2026-09-11T19:56:45Z</time>
      </trkpt>
      <trkpt lat="50.154380" lon="-120.535125">
        <ele>629.25</ele>
        <time>2026-09-11T20:06:45Z</time>
      </trkpt>
      <trkpt lat="50.147426" lon="-120.557163">
        <ele>629.25</ele>
        <time>2026-09-11T20:16:45Z</time>
      </trkpt>
      <trkpt lat="50.147481" lon="-120.557205">
        <ele>627.11</ele>
        <time>2026-09-11T20:26:45Z</time>
      </trkpt>
      <trkpt lat="50.147158" lon="-120.572676">
        <ele>633.52</ele>
        <time>2026-09-11T20:46:45Z</time>
      </trkpt>
      <trkpt lat="50.147170" lon="-120.572633">
        <ele>629.25</ele>
        <time>2026-09-11T20:56:45Z</time>
      </trkpt>
      <trkpt lat="50.152953" lon="-120.608425">
        <ele>624.97</ele>
        <time>2026-09-11T21:16:45Z</time>
      </trkpt>
      <trkpt lat="50.152941" lon="-120.608403">
        <ele>620.70</ele>
        <time>2026-09-11T21:26:45Z</time>
      </trkpt>
      <trkpt lat="50.140678" lon="-120.717215">
        <ele>616.43</ele>
        <time>2026-09-11T21:46:45Z</time>
      </trkpt>
      <trkpt lat="50.055921" lon="-120.795321">
        <ele>869.75</ele>
        <time>2026-09-11T21:56:45Z</time>
      </trkpt>
      <trkpt lat="49.942743" lon="-120.905120">
        <ele>958.16</ele>
        <time>2026-09-11T22:06:45Z</time>
      </trkpt>
      <trkpt lat="49.827868" lon="-120.937993">
        <ele>1007.21</ele>
        <time>2026-09-11T22:16:45Z</time>
      </trkpt>
      <trkpt lat="49.751221" lon="-121.012280">
        <ele>1004.97</ele>
        <time>2026-09-11T22:26:45Z</time>
      </trkpt>
      <trkpt lat="49.740128" lon="-121.014596">
        <ele>1022.88</ele>
        <time>2026-09-11T22:36:45Z</time>
      </trkpt>
      <trkpt lat="49.621628" lon="-121.039381">
        <ele>1160.87</ele>
        <time>2026-09-11T22:46:45Z</time>
      </trkpt>
      <trkpt lat="49.544026" lon="-121.196193">
        <ele>712.99</ele>
        <time>2026-09-11T22:56:45Z</time>
      </trkpt>
      <trkpt lat="49.480255" lon="-121.250588">
        <ele>384.44</ele>
        <time>2026-09-11T23:06:45Z</time>
      </trkpt>
      <trkpt lat="49.481928" lon="-121.250890">
        <ele>378.18</ele>
        <time>2026-09-11T23:16:45Z</time>
      </trkpt>
      <trkpt lat="49.488698" lon="-121.248486">
        <ele>411.59</ele>
        <time>2026-09-11T23:26:45Z</time>
      </trkpt>
      <trkpt lat="49.493011" lon="-121.240225">
        <ele>413.68</ele>
        <time>2026-09-11T23:36:45Z</time>
      </trkpt>
      <trkpt lat="49.492088" lon="-121.242821">
        <ele>394.87</ele>
        <time>2026-09-11T23:46:45Z</time>
      </trkpt>
      <trkpt lat="49.446298" lon="-121.272818">
        <ele>313.75</ele>
        <time>2026-09-11T23:56:45Z</time>
      </trkpt>
      <trkpt lat="49.367311" lon="-121.398303">
        <ele>157.20</ele>
        <time>2026-09-12T00:06:45Z</time>
      </trkpt>
      <trkpt lat="49.371110" lon="-121.536920">
        <ele>36.85</ele>
        <time>2026-09-12T00:16:45Z</time>
      </trkpt>
      <trkpt lat="49.288176" lon="-121.694976">
        <ele>20.60</ele>
        <time>2026-09-12T00:26:45Z</time>
      </trkpt>
      <trkpt lat="49.185608" lon="-121.765315">
        <ele>47.02</ele>
        <time>2026-09-12T00:36:45Z</time>
      </trkpt>
      <trkpt lat="49.150386" lon="-121.940131">
        <ele>2.34</ele>
        <time>2026-09-12T00:46:45Z</time>
      </trkpt>
      <trkpt lat="49.096613" lon="-122.119775">
        <ele>2.34</ele>
        <time>2026-09-12T00:56:45Z</time>
      </trkpt>
      <trkpt lat="49.034000" lon="-122.284763">
        <ele>36.85</ele>
        <time>2026-09-12T01:06:45Z</time>
      </trkpt>
      <trkpt lat="49.036016" lon="-122.290063">
        <ele>42.95</ele>
        <time>2026-09-12T01:16:45Z</time>
      </trkpt>
      <trkpt lat="49.036081" lon="-122.290020">
        <ele>40.92</ele>
        <time>2026-09-12T01:26:45Z</time>
      </trkpt>
      <trkpt lat="49.039160" lon="-122.340038">
        <ele>59.22</ele>
        <time>2026-09-12T01:56:45Z</time>
      </trkpt>
      <trkpt lat="49.110313" lon="-122.514510">
        <ele>85.69</ele>
        <time>2026-09-12T02:06:45Z</time>
      </trkpt>
      <trkpt lat="49.168818" lon="-122.685850">
        <ele>14.51</ele>
        <time>2026-09-12T02:16:45Z</time>
      </trkpt>
      <trkpt lat="49.232558" lon="-122.861845">
        <ele>-1.70</ele>
        <time>2026-09-12T02:26:45Z</time>
      </trkpt>
      <trkpt lat="49.235305" lon="-122.876695">
        <ele>14.51</ele>
        <time>2026-09-12T02:36:45Z</time>
      </trkpt>
      <trkpt lat="49.235368" lon="-122.876608">
        <ele>14.51</ele>
        <time>2026-09-12T02:46:45Z</time>
      </trkpt>
      <trkpt lat="49.259863" lon="-122.868840">
        <ele>144.91</ele>
        <time>2026-09-12T03:26:45Z</time>
      </trkpt>
      <trkpt lat="49.261665" lon="-122.890535">
        <ele>104.05</ele>
        <time>2026-09-12T03:36:45Z</time>
      </trkpt>
      <trkpt lat="49.261655" lon="-122.890556">
        <ele>106.09</ele>
        <time>2026-09-12T03:46:45Z</time>
      </trkpt>
      <trkpt lat="49.288198" lon="-122.921926">
        <ele>20.60</ele>
        <time>2026-09-12T04:26:45Z</time>
      </trkpt>
      <trkpt lat="49.276675" lon="-122.866951">
        <ele>18.57</ele>
        <time>2026-09-12T04:36:45Z</time>
      </trkpt>
      <trkpt lat="49.246280" lon="-122.892786">
        <ele>47.02</ele>
        <time>2026-09-12T04:46:45Z</time>
      </trkpt>
      <trkpt lat="49.235820" lon="-122.876630">
        <ele>-9.81</ele>
        <time>2026-09-12T04:58:45Z</time>
      </trkpt>
      <trkpt lat="49.235348" lon="-122.876200">
        <ele>-11.84</ele>
        <time>2026-09-12T05:09:00Z</time>
      </trkpt>
      <trkpt lat="49.235230" lon="-122.876008">
        <ele>67.36</ele>
        <time>2026-09-12T09:09:00Z</time>
      </trkpt>
      <trkpt lat="49.235293" lon="-122.876351">
        <ele>30.76</ele>
        <time>2026-09-12T13:22:00Z</time>
      </trkpt>
      <trkpt lat="49.234060" lon="-122.875150">
        <ele>30.76</ele>
        <time>2026-09-12T13:45:45Z</time>
      </trkpt>
      <trkpt lat="49.235670" lon="-122.875771">
        <ele>49.05</ele>
        <time>2026-09-12T13:55:45Z</time>
      </trkpt>
      <trkpt lat="49.235486" lon="-122.876330">
        <ele>38.89</ele>
        <time>2026-09-12T14:06:00Z</time>
      </trkpt>
      <trkpt lat="49.252416" lon="-122.975378">
        <ele>20.60</ele>
        <time>2026-09-12T15:56:00Z</time>
      </trkpt>
      <trkpt lat="49.327090" lon="-123.050716">
        <ele>120.38</ele>
        <time>2026-09-12T16:06:00Z</time>
      </trkpt>
      <trkpt lat="49.338398" lon="-123.181071">
        <ele>26.70</ele>
        <time>2026-09-12T16:16:00Z</time>
      </trkpt>
      <trkpt lat="49.349673" lon="-123.241281">
        <ele>153.10</ele>
        <time>2026-09-12T16:26:00Z</time>
      </trkpt>
      <trkpt lat="49.373010" lon="-123.272501">
        <ele>2.34</ele>
        <time>2026-09-12T16:36:00Z</time>
      </trkpt>
      <trkpt lat="49.372998" lon="-123.272481">
        <ele>16.54</ele>
        <time>2026-09-12T16:46:00Z</time>
      </trkpt>
      <trkpt lat="49.367173" lon="-123.276558">
        <ele>34.82</ele>
        <time>2026-09-12T17:56:00Z</time>
      </trkpt>
      <trkpt lat="49.332530" lon="-123.106698">
        <ele>40.92</ele>
        <time>2026-09-12T18:06:00Z</time>
      </trkpt>
      <trkpt lat="49.263681" lon="-123.025953">
        <ele>20.60</ele>
        <time>2026-09-12T18:16:00Z</time>
      </trkpt>
      <trkpt lat="49.224651" lon="-122.964800">
        <ele>118.34</ele>
        <time>2026-09-12T18:26:00Z</time>
      </trkpt>
      <trkpt lat="49.219361" lon="-122.964285">
        <ele>124.47</ele>
        <time>2026-09-12T18:36:00Z</time>
      </trkpt>
      <trkpt lat="49.219383" lon="-122.964306">
        <ele>126.51</ele>
        <time>2026-09-12T18:46:00Z</time>
      </trkpt>
      <trkpt lat="49.220285" lon="-122.965680">
        <ele>124.47</ele>
        <time>2026-09-12T21:26:00Z</time>
      </trkpt>
      <trkpt lat="49.220251" lon="-122.965658">
        <ele>124.47</ele>
        <time>2026-09-12T21:36:00Z</time>
      </trkpt>
      <trkpt lat="49.224265" lon="-122.986321">
        <ele>128.55</ele>
        <time>2026-09-12T21:46:00Z</time>
      </trkpt>
      <trkpt lat="49.242858" lon="-123.023593">
        <ele>93.85</ele>
        <time>2026-09-12T21:56:00Z</time>
      </trkpt>
      <trkpt lat="49.284528" lon="-123.031833">
        <ele>26.70</ele>
        <time>2026-09-12T22:06:45Z</time>
      </trkpt>
      <trkpt lat="49.309623" lon="-123.076078">
        <ele>6.40</ele>
        <time>2026-09-12T22:16:45Z</time>
      </trkpt>
      <trkpt lat="49.308421" lon="-123.049106">
        <ele>8.43</ele>
        <time>2026-09-12T22:26:45Z</time>
      </trkpt>
      <trkpt lat="49.320738" lon="-123.093266">
        <ele>0.31</ele>
        <time>2026-09-12T22:36:45Z</time>
      </trkpt>
      <trkpt lat="49.320620" lon="-123.099446">
        <ele>2.34</ele>
        <time>2026-09-12T22:46:45Z</time>
      </trkpt>
      <trkpt lat="49.320631" lon="-123.099468">
        <ele>6.40</ele>
        <time>2026-09-12T22:56:45Z</time>
      </trkpt>
      <trkpt lat="49.314536" lon="-123.086056">
        <ele>4.37</ele>
        <time>2026-09-12T23:06:45Z</time>
      </trkpt>
      <trkpt lat="49.305986" lon="-123.035158">
        <ele>-1.70</ele>
        <time>2026-09-12T23:16:45Z</time>
      </trkpt>
      <trkpt lat="49.245786" lon="-122.969970">
        <ele>16.54</ele>
        <time>2026-09-12T23:26:45Z</time>
      </trkpt>
      <trkpt lat="49.235711" lon="-122.876071">
        <ele>12.48</ele>
        <time>2026-09-12T23:36:45Z</time>
      </trkpt>
      <trkpt lat="49.235433" lon="-122.876501">
        <ele>20.60</ele>
        <time>2026-09-12T23:46:45Z</time>
      </trkpt>
      <trkpt lat="49.235433" lon="-122.876436">
        <ele>14.51</ele>
        <time>2026-09-13T03:46:45Z</time>
      </trkpt>
      <trkpt lat="49.243716" lon="-122.890083">
        <ele>36.85</ele>
        <time>2026-09-13T03:56:45Z</time>
      </trkpt>
      <trkpt lat="49.243705" lon="-122.890105">
        <ele>30.76</ele>
        <time>2026-09-13T04:06:45Z</time>
      </trkpt>
      <trkpt lat="49.235380" lon="-122.876480">
        <ele>2.34</ele>
        <time>2026-09-13T04:26:45Z</time>
      </trkpt>
      <trkpt lat="49.235336" lon="-122.876480">
        <ele>8.43</ele>
        <time>2026-09-13T04:36:45Z</time>
      </trkpt>
      <trkpt lat="49.235390" lon="-122.876480">
        <ele>12.48</ele>
        <time>2026-09-13T08:36:45Z</time>
      </trkpt>
      <trkpt lat="49.235368" lon="-122.876523">
        <ele>18.57</ele>
        <time>2026-09-13T12:36:45Z</time>
      </trkpt>
      <trkpt lat="49.235348" lon="-122.876480">
        <ele>24.66</ele>
        <time>2026-09-13T16:36:45Z</time>
      </trkpt>
      <trkpt lat="49.241451" lon="-122.960271">
        <ele>14.51</ele>
        <time>2026-09-13T18:16:45Z</time>
      </trkpt>
      <trkpt lat="49.281203" lon="-123.051681">
        <ele>57.19</ele>
        <time>2026-09-13T18:26:45Z</time>
      </trkpt>
      <trkpt lat="49.283015" lon="-123.110090">
        <ele>8.43</ele>
        <time>2026-09-13T18:36:45Z</time>
      </trkpt>
      <trkpt lat="49.286373" lon="-123.114210">
        <ele>169.49</ele>
        <time>2026-09-13T18:46:45Z</time>
      </trkpt>
      <trkpt lat="49.284496" lon="-123.121075">
        <ele>10.46</ele>
        <time>2026-09-13T18:56:45Z</time>
      </trkpt>
      <trkpt lat="49.270613" lon="-123.087686">
        <ele>4.37</ele>
        <time>2026-09-13T19:06:45Z</time>
      </trkpt>
      <trkpt lat="49.267641" lon="-123.027005">
        <ele>26.70</ele>
        <time>2026-09-13T19:16:45Z</time>
      </trkpt>
      <trkpt lat="49.234253" lon="-122.879076">
        <ele>10.46</ele>
        <time>2026-09-13T19:26:45Z</time>
      </trkpt>
      <trkpt lat="49.235036" lon="-122.876608">
        <ele>6.40</ele>
        <time>2026-09-13T19:37:15Z</time>
      </trkpt>
      <trkpt lat="49.235465" lon="-122.876673">
        <ele>10.46</ele>
        <time>2026-09-13T19:48:45Z</time>
      </trkpt>
      <trkpt lat="49.234865" lon="-122.876071">
        <ele>-17.92</ele>
        <time>2026-09-14T02:43:15Z</time>
      </trkpt>
      <trkpt lat="49.235423" lon="-122.876845">
        <ele>52.00</ele>
        <time>2026-09-14T08:28:00Z</time>
      </trkpt>
      <trkpt lat="49.235551" lon="-122.876651">
        <ele>55.15</ele>
        <time>2026-09-14T08:28:30Z</time>
      </trkpt>
      <trkpt lat="49.235305" lon="-122.877101">
        <ele>24.66</ele>
        <time>2026-09-14T08:38:30Z</time>
      </trkpt>
      <trkpt lat="49.235271" lon="-122.876995">
        <ele>10.46</ele>
        <time>2026-09-14T12:38:30Z</time>
      </trkpt>
      <trkpt lat="49.235251" lon="-122.876973">
        <ele>16.54</ele>
        <time>2026-09-14T15:12:45Z</time>
      </trkpt>
      <trkpt lat="49.235380" lon="-122.876565">
        <ele>26.70</ele>
        <time>2026-09-14T15:22:45Z</time>
      </trkpt>
      <trkpt lat="49.245701" lon="-122.892251">
        <ele>22.63</ele>
        <time>2026-09-14T15:42:45Z</time>
      </trkpt>
      <trkpt lat="49.261665" lon="-122.888088">
        <ele>114.25</ele>
        <time>2026-09-14T15:52:45Z</time>
      </trkpt>
      <trkpt lat="49.261686" lon="-122.888818">
        <ele>114.25</ele>
        <time>2026-09-14T16:02:45Z</time>
      </trkpt>
      <trkpt lat="49.251001" lon="-122.918945">
        <ele>18.57</ele>
        <time>2026-09-14T16:12:45Z</time>
      </trkpt>
      <trkpt lat="49.251955" lon="-122.918430">
        <ele>12.48</ele>
        <time>2026-09-14T16:22:45Z</time>
      </trkpt>
      <trkpt lat="49.242665" lon="-122.915746">
        <ele>8.43</ele>
        <time>2026-09-14T16:32:45Z</time>
      </trkpt>
      <trkpt lat="49.236988" lon="-122.939350">
        <ele>16.54</ele>
        <time>2026-09-14T16:42:45Z</time>
      </trkpt>
      <trkpt lat="49.297596" lon="-123.026296">
        <ele>57.19</ele>
        <time>2026-09-14T16:52:45Z</time>
      </trkpt>
      <trkpt lat="49.343720" lon="-123.162918">
        <ele>163.34</ele>
        <time>2026-09-14T17:02:45Z</time>
      </trkpt>
      <trkpt lat="49.397256" lon="-123.248383">
        <ele>47.02</ele>
        <time>2026-09-14T17:13:00Z</time>
      </trkpt>
      <trkpt lat="49.496583" lon="-123.247333">
        <ele>49.05</ele>
        <time>2026-09-14T17:23:15Z</time>
      </trkpt>
      <trkpt lat="49.575901" lon="-123.223365">
        <ele>32.79</ele>
        <time>2026-09-14T17:33:15Z</time>
      </trkpt>
      <trkpt lat="49.645703" lon="-123.204160">
        <ele>206.43</ele>
        <time>2026-09-14T17:43:30Z</time>
      </trkpt>
      <trkpt lat="49.645661" lon="-123.203923">
        <ele>359.44</ele>
        <time>2026-09-14T17:53:30Z</time>
      </trkpt>
      <trkpt lat="49.644856" lon="-123.206111">
        <ele>177.69</ele>
        <time>2026-09-14T18:03:30Z</time>
      </trkpt>
      <trkpt lat="49.644963" lon="-123.206220">
        <ele>97.93</ele>
        <time>2026-09-14T18:13:30Z</time>
      </trkpt>
      <trkpt lat="49.670326" lon="-123.163433">
        <ele>2.34</ele>
        <time>2026-09-14T18:33:30Z</time>
      </trkpt>
      <trkpt lat="49.699433" lon="-123.144850">
        <ele>-15.89</ele>
        <time>2026-09-14T18:43:30Z</time>
      </trkpt>
      <trkpt lat="49.706880" lon="-123.144980">
        <ele>2.34</ele>
        <time>2026-09-14T18:53:30Z</time>
      </trkpt>
      <trkpt lat="49.706955" lon="-123.145816">
        <ele>8.43</ele>
        <time>2026-09-14T19:03:45Z</time>
      </trkpt>
      <trkpt lat="49.735375" lon="-123.132856">
        <ele>8.43</ele>
        <time>2026-09-14T19:23:45Z</time>
      </trkpt>
      <trkpt lat="49.735698" lon="-123.134271">
        <ele>10.46</ele>
        <time>2026-09-14T19:33:45Z</time>
      </trkpt>
      <trkpt lat="49.734806" lon="-123.117900">
        <ele>57.19</ele>
        <time>2026-09-14T19:43:45Z</time>
      </trkpt>
      <trkpt lat="49.734753" lon="-123.117728">
        <ele>28.73</ele>
        <time>2026-09-14T19:53:45Z</time>
      </trkpt>
      <trkpt lat="49.753281" lon="-123.136116">
        <ele>-46.26</ele>
        <time>2026-09-14T20:43:45Z</time>
      </trkpt>
      <trkpt lat="49.810766" lon="-123.197593">
        <ele>28.73</ele>
        <time>2026-09-14T20:53:45Z</time>
      </trkpt>
      <trkpt lat="49.881878" lon="-123.250851">
        <ele>28.73</ele>
        <time>2026-09-14T21:03:45Z</time>
      </trkpt>
      <trkpt lat="49.910631" lon="-123.295140">
        <ele>36.85</ele>
        <time>2026-09-14T21:13:45Z</time>
      </trkpt>
      <trkpt lat="49.910598" lon="-123.295076">
        <ele>34.82</ele>
        <time>2026-09-14T21:23:45Z</time>
      </trkpt>
      <trkpt lat="49.894473" lon="-123.265400">
        <ele>30.76</ele>
        <time>2026-09-14T21:43:45Z</time>
      </trkpt>
      <trkpt lat="49.874678" lon="-123.233148">
        <ele>20.60</ele>
        <time>2026-09-14T21:53:45Z</time>
      </trkpt>
      <trkpt lat="49.857395" lon="-123.239821">
        <ele>-38.17</ele>
        <time>2026-09-14T22:04:00Z</time>
      </trkpt>
      <trkpt lat="49.798986" lon="-123.157103">
        <ele>42.95</ele>
        <time>2026-09-14T22:14:00Z</time>
      </trkpt>
      <trkpt lat="49.732843" lon="-123.135238">
        <ele>12.48</ele>
        <time>2026-09-14T22:24:00Z</time>
      </trkpt>
      <trkpt lat="49.721085" lon="-123.150386">
        <ele>-28.05</ele>
        <time>2026-09-14T22:37:45Z</time>
      </trkpt>
      <trkpt lat="49.722823" lon="-123.153926">
        <ele>-3.73</ele>
        <time>2026-09-14T22:47:45Z</time>
      </trkpt>
      <trkpt lat="49.697266" lon="-123.157231">
        <ele>-17.92</ele>
        <time>2026-09-14T22:57:45Z</time>
      </trkpt>
      <trkpt lat="49.697320" lon="-123.157746">
        <ele>28.73</ele>
        <time>2026-09-14T23:07:45Z</time>
      </trkpt>
      <trkpt lat="49.697781" lon="-123.159721">
        <ele>0.31</ele>
        <time>2026-09-14T23:17:45Z</time>
      </trkpt>
      <trkpt lat="49.697428" lon="-123.159591">
        <ele>2.34</ele>
        <time>2026-09-14T23:33:45Z</time>
      </trkpt>
      <trkpt lat="49.698350" lon="-123.162790">
        <ele>-5.76</ele>
        <time>2026-09-15T00:03:45Z</time>
      </trkpt>
      <trkpt lat="49.700850" lon="-123.167981">
        <ele>-17.92</ele>
        <time>2026-09-15T00:13:45Z</time>
      </trkpt>
      <trkpt lat="49.705591" lon="-123.168153">
        <ele>-7.79</ele>
        <time>2026-09-15T00:23:45Z</time>
      </trkpt>
      <trkpt lat="49.706793" lon="-123.159226">
        <ele>2.34</ele>
        <time>2026-09-15T00:33:45Z</time>
      </trkpt>
      <trkpt lat="49.702426" lon="-123.153283">
        <ele>-5.76</ele>
        <time>2026-09-15T00:43:45Z</time>
      </trkpt>
      <trkpt lat="49.698243" lon="-123.159785">
        <ele>-3.73</ele>
        <time>2026-09-15T00:53:45Z</time>
      </trkpt>
      <trkpt lat="49.697771" lon="-123.159506">
        <ele>49.05</ele>
        <time>2026-09-15T01:08:00Z</time>
      </trkpt>
      <trkpt lat="49.702610" lon="-123.152038">
        <ele>-3.73</ele>
        <time>2026-09-15T01:18:00Z</time>
      </trkpt>
      <trkpt lat="49.702803" lon="-123.151695">
        <ele>-5.76</ele>
        <time>2026-09-15T01:38:00Z</time>
      </trkpt>
      <trkpt lat="49.704230" lon="-123.146203">
        <ele>0.31</ele>
        <time>2026-09-15T02:08:00Z</time>
      </trkpt>
      <trkpt lat="49.786606" lon="-123.134036">
        <ele>144.91</ele>
        <time>2026-09-15T02:18:00Z</time>
      </trkpt>
      <trkpt lat="49.824811" lon="-123.214351">
        <ele>22.63</ele>
        <time>2026-09-15T02:28:00Z</time>
      </trkpt>
      <trkpt lat="49.890471" lon="-123.254541">
        <ele>26.70</ele>
        <time>2026-09-15T02:38:00Z</time>
      </trkpt>
      <trkpt lat="49.910598" lon="-123.294218">
        <ele>53.12</ele>
        <time>2026-09-15T02:48:00Z</time>
      </trkpt>
      <trkpt lat="49.910631" lon="-123.294260">
        <ele>120.38</ele>
        <time>2026-09-15T02:58:00Z</time>
      </trkpt>
      <trkpt lat="49.910673" lon="-123.294238">
        <ele>47.02</ele>
        <time>2026-09-15T06:58:00Z</time>
      </trkpt>
      <trkpt lat="49.911661" lon="-123.293660">
        <ele>124.47</ele>
        <time>2026-09-15T07:48:00Z</time>
      </trkpt>
      <trkpt lat="49.910695" lon="-123.294153">
        <ele>32.79</ele>
        <time>2026-09-15T07:58:00Z</time>
      </trkpt>
      <trkpt lat="49.910845" lon="-123.294218">
        <ele>51.08</ele>
        <time>2026-09-15T08:08:00Z</time>
      </trkpt>
      <trkpt lat="49.910620" lon="-123.294303">
        <ele>49.05</ele>
        <time>2026-09-15T12:08:00Z</time>
      </trkpt>
      <trkpt lat="49.913935" lon="-123.292501">
        <ele>32.79</ele>
        <time>2026-09-15T15:08:00Z</time>
      </trkpt>
      <trkpt lat="49.872973" lon="-123.235360">
        <ele>20.60</ele>
        <time>2026-09-15T15:18:00Z</time>
      </trkpt>
      <trkpt lat="49.805478" lon="-123.189311">
        <ele>18.57</ele>
        <time>2026-09-15T15:28:00Z</time>
      </trkpt>
      <trkpt lat="49.786036" lon="-123.136825">
        <ele>97.93</ele>
        <time>2026-09-15T15:38:00Z</time>
      </trkpt>
      <trkpt lat="49.897541" lon="-123.162295">
        <ele>295.11</ele>
        <time>2026-09-15T15:48:00Z</time>
      </trkpt>
      <trkpt lat="49.961078" lon="-123.156695">
        <ele>330.34</ele>
        <time>2026-09-15T15:58:00Z</time>
      </trkpt>
      <trkpt lat="49.940596" lon="-123.168605">
        <ele>257.91</ele>
        <time>2026-09-15T16:08:00Z</time>
      </trkpt>
      <trkpt lat="49.973610" lon="-123.142555">
        <ele>361.52</ele>
        <time>2026-09-15T16:18:00Z</time>
      </trkpt>
      <trkpt lat="50.075608" lon="-123.088160">
        <ele>542.03</ele>
        <time>2026-09-15T16:28:00Z</time>
      </trkpt>
      <trkpt lat="50.104523" lon="-122.978833">
        <ele>644.22</ele>
        <time>2026-09-15T16:38:00Z</time>
      </trkpt>
      <trkpt lat="50.119285" lon="-122.958190">
        <ele>719.46</ele>
        <time>2026-09-15T16:48:30Z</time>
      </trkpt>
      <trkpt lat="50.119833" lon="-122.956966">
        <ele>644.22</ele>
        <time>2026-09-15T16:58:30Z</time>
      </trkpt>
      <trkpt lat="50.119768" lon="-122.957010">
        <ele>657.07</ele>
        <time>2026-09-15T17:08:30Z</time>
      </trkpt>
      <trkpt lat="50.116410" lon="-122.955250">
        <ele>691.44</ele>
        <time>2026-09-15T17:18:30Z</time>
      </trkpt>
      <trkpt lat="50.115960" lon="-122.956108">
        <ele>682.84</ele>
        <time>2026-09-15T17:28:30Z</time>
      </trkpt>
      <trkpt lat="50.155323" lon="-122.958018">
        <ele>629.25</ele>
        <time>2026-09-15T17:38:30Z</time>
      </trkpt>
      <trkpt lat="50.194998" lon="-122.878905">
        <ele>575.97</ele>
        <time>2026-09-15T17:48:30Z</time>
      </trkpt>
      <trkpt lat="50.287835" lon="-122.839056">
        <ele>351.12</ele>
        <time>2026-09-15T17:58:30Z</time>
      </trkpt>
      <trkpt lat="50.322393" lon="-122.807943">
        <ele>210.54</ele>
        <time>2026-09-15T18:08:30Z</time>
      </trkpt>
      <trkpt lat="50.374428" lon="-122.864485">
        <ele>214.66</ele>
        <time>2026-09-15T18:18:30Z</time>
      </trkpt>
      <trkpt lat="50.475590" lon="-122.947633">
        <ele>227.00</ele>
        <time>2026-09-15T18:28:30Z</time>
      </trkpt>
      <trkpt lat="50.501715" lon="-122.967610">
        <ele>218.77</ele>
        <time>2026-09-15T18:38:30Z</time>
      </trkpt>
      <trkpt lat="50.502885" lon="-122.967525">
        <ele>251.72</ele>
        <time>2026-09-15T18:48:30Z</time>
      </trkpt>
      <trkpt lat="50.495728" lon="-122.967116">
        <ele>227.00</ele>
        <time>2026-09-15T18:58:30Z</time>
      </trkpt>
      <trkpt lat="50.495738" lon="-122.967138">
        <ele>233.18</ele>
        <time>2026-09-15T19:08:30Z</time>
      </trkpt>
      <trkpt lat="50.496908" lon="-122.988596">
        <ele>241.42</ele>
        <time>2026-09-15T19:29:00Z</time>
      </trkpt>
      <trkpt lat="50.505105" lon="-123.017606">
        <ele>229.06</ele>
        <time>2026-09-15T19:39:00Z</time>
      </trkpt>
      <trkpt lat="50.514728" lon="-123.032605">
        <ele>233.18</ele>
        <time>2026-09-15T19:49:00Z</time>
      </trkpt>
      <trkpt lat="50.514793" lon="-123.032541">
        <ele>255.85</ele>
        <time>2026-09-15T19:59:00Z</time>
      </trkpt>
      <trkpt lat="50.499933" lon="-122.996235">
        <ele>227.00</ele>
        <time>2026-09-15T20:19:00Z</time>
      </trkpt>
      <trkpt lat="50.409650" lon="-122.895641">
        <ele>214.66</ele>
        <time>2026-09-15T20:29:00Z</time>
      </trkpt>
      <trkpt lat="50.354698" lon="-122.841225">
        <ele>206.43</ele>
        <time>2026-09-15T20:39:00Z</time>
      </trkpt>
      <trkpt lat="50.321363" lon="-122.808201">
        <ele>218.77</ele>
        <time>2026-09-15T20:49:00Z</time>
      </trkpt>
      <trkpt lat="50.321416" lon="-122.808158">
        <ele>224.94</ele>
        <time>2026-09-15T20:59:00Z</time>
      </trkpt>
      <trkpt lat="50.317286" lon="-122.798330">
        <ele>218.77</ele>
        <time>2026-09-15T21:59:00Z</time>
      </trkpt>
      <trkpt lat="50.316825" lon="-122.797558">
        <ele>214.66</ele>
        <time>2026-09-15T22:09:00Z</time>
      </trkpt>
      <trkpt lat="50.319025" lon="-122.803308">
        <ele>214.66</ele>
        <time>2026-09-15T23:49:00Z</time>
      </trkpt>
      <trkpt lat="50.318950" lon="-122.803351">
        <ele>214.66</ele>
        <time>2026-09-15T23:59:00Z</time>
      </trkpt>
      <trkpt lat="50.315451" lon="-122.716705">
        <ele>206.43</ele>
        <time>2026-09-16T00:29:00Z</time>
      </trkpt>
      <trkpt lat="50.328305" lon="-122.725375">
        <ele>229.06</ele>
        <time>2026-09-16T00:39:00Z</time>
      </trkpt>
      <trkpt lat="50.352068" lon="-122.731405">
        <ele>276.50</ele>
        <time>2026-09-16T00:49:00Z</time>
      </trkpt>
      <trkpt lat="50.432491" lon="-122.691150">
        <ele>378.18</ele>
        <time>2026-09-16T00:59:00Z</time>
      </trkpt>
      <trkpt lat="50.495588" lon="-122.574785">
        <ele>394.87</ele>
        <time>2026-09-16T01:09:00Z</time>
      </trkpt>
      <trkpt lat="50.538075" lon="-122.519916">
        <ele>461.88</ele>
        <time>2026-09-16T01:19:00Z</time>
      </trkpt>
      <trkpt lat="50.560111" lon="-122.575793">
        <ele>704.36</ele>
        <time>2026-09-16T01:29:00Z</time>
      </trkpt>
      <trkpt lat="50.563931" lon="-122.585621">
        <ele>736.75</ele>
        <time>2026-09-16T01:39:00Z</time>
      </trkpt>
      <trkpt lat="50.563910" lon="-122.585771">
        <ele>749.74</ele>
        <time>2026-09-16T01:49:00Z</time>
      </trkpt>
      <trkpt lat="50.569531" lon="-122.645595">
        <ele>648.50</ele>
        <time>2026-09-16T01:59:00Z</time>
      </trkpt>
      <trkpt lat="50.562976" lon="-122.664650">
        <ele>635.66</ele>
        <time>2026-09-16T02:09:15Z</time>
      </trkpt>
      <trkpt lat="50.560948" lon="-122.666258">
        <ele>635.66</ele>
        <time>2026-09-16T02:19:15Z</time>
      </trkpt>
      <trkpt lat="50.560906" lon="-122.666130">
        <ele>639.94</ele>
        <time>2026-09-16T02:29:15Z</time>
      </trkpt>
      <trkpt lat="50.561635" lon="-122.671258">
        <ele>627.11</ele>
        <time>2026-09-16T05:39:15Z</time>
      </trkpt>
      <trkpt lat="50.561110" lon="-122.672653">
        <ele>657.07</ele>
        <time>2026-09-16T05:49:15Z</time>
      </trkpt>
      <trkpt lat="50.561185" lon="-122.672653">
        <ele>620.70</ele>
        <time>2026-09-16T05:59:15Z</time>
      </trkpt>
      <trkpt lat="50.561228" lon="-122.665400">
        <ele>667.80</ele>
        <time>2026-09-16T06:29:15Z</time>
      </trkpt>
      <trkpt lat="50.560488" lon="-122.666280">
        <ele>777.95</ele>
        <time>2026-09-16T06:39:15Z</time>
      </trkpt>
      <trkpt lat="50.560916" lon="-122.666023">
        <ele>635.66</ele>
        <time>2026-09-16T06:49:15Z</time>
      </trkpt>
      <trkpt lat="50.561163" lon="-122.666086">
        <ele>663.51</ele>
        <time>2026-09-16T10:49:15Z</time>
      </trkpt>
      <trkpt lat="50.560885" lon="-122.665958">
        <ele>637.80</ele>
        <time>2026-09-16T14:49:15Z</time>
      </trkpt>
      <trkpt lat="50.561056" lon="-122.672438">
        <ele>669.95</ele>
        <time>2026-09-16T15:09:15Z</time>
      </trkpt>
      <trkpt lat="50.561185" lon="-122.672738">
        <ele>639.94</ele>
        <time>2026-09-16T15:19:15Z</time>
      </trkpt>
      <trkpt lat="50.560788" lon="-122.666086">
        <ele>639.94</ele>
        <time>2026-09-16T16:29:30Z</time>
      </trkpt>
      <trkpt lat="50.561710" lon="-122.663555">
        <ele>652.79</ele>
        <time>2026-09-16T16:41:45Z</time>
      </trkpt>
      <trkpt lat="50.569563" lon="-122.620490">
        <ele>702.21</ele>
        <time>2026-09-16T16:52:00Z</time>
      </trkpt>
      <trkpt lat="50.564146" lon="-122.585771">
        <ele>749.74</ele>
        <time>2026-09-16T17:02:00Z</time>
      </trkpt>
      <trkpt lat="50.564166" lon="-122.585878">
        <ele>747.57</ele>
        <time>2026-09-16T17:12:00Z</time>
      </trkpt>
      <trkpt lat="50.563288" lon="-122.583775">
        <ele>741.08</ele>
        <time>2026-09-16T17:22:00Z</time>
      </trkpt>
      <trkpt lat="50.563276" lon="-122.583968">
        <ele>693.59</ele>
        <time>2026-09-16T17:32:00Z</time>
      </trkpt>
      <trkpt lat="50.544361" lon="-122.539121">
        <ele>546.26</ele>
        <time>2026-09-16T17:42:00Z</time>
      </trkpt>
      <trkpt lat="50.509450" lon="-122.516785">
        <ele>380.27</ele>
        <time>2026-09-16T17:52:00Z</time>
      </trkpt>
      <trkpt lat="50.478711" lon="-122.620038">
        <ele>476.60</ele>
        <time>2026-09-16T18:02:00Z</time>
      </trkpt>
      <trkpt lat="50.478733" lon="-122.620081">
        <ele>482.91</ele>
        <time>2026-09-16T18:12:00Z</time>
      </trkpt>
      <trkpt lat="50.438661" lon="-122.691343">
        <ele>403.23</ele>
        <time>2026-09-16T18:22:00Z</time>
      </trkpt>
      <trkpt lat="50.378623" lon="-122.714838">
        <ele>338.65</ele>
        <time>2026-09-16T18:32:00Z</time>
      </trkpt>
      <trkpt lat="50.359536" lon="-122.733035">
        <ele>309.60</ele>
        <time>2026-09-16T18:42:00Z</time>
      </trkpt>
      <trkpt lat="50.312886" lon="-122.719388">
        <ele>210.54</ele>
        <time>2026-09-16T18:52:00Z</time>
      </trkpt>
      <trkpt lat="50.309455" lon="-122.726533">
        <ele>202.32</ele>
        <time>2026-09-16T19:02:00Z</time>
      </trkpt>
      <trkpt lat="50.315183" lon="-122.683811">
        <ele>202.32</ele>
        <time>2026-09-16T19:12:00Z</time>
      </trkpt>
      <trkpt lat="50.305881" lon="-122.602036">
        <ele>181.79</ele>
        <time>2026-09-16T19:22:00Z</time>
      </trkpt>
      <trkpt lat="50.307898" lon="-122.579270">
        <ele>561.11</ele>
        <time>2026-09-16T19:32:00Z</time>
      </trkpt>
      <trkpt lat="50.333936" lon="-122.549336">
        <ele>836.85</ele>
        <time>2026-09-16T19:42:00Z</time>
      </trkpt>
      <trkpt lat="50.349408" lon="-122.532963">
        <ele>993.80</ele>
        <time>2026-09-16T19:52:00Z</time>
      </trkpt>
      <trkpt lat="50.384975" lon="-122.440846">
        <ele>1238.92</ele>
        <time>2026-09-16T20:02:00Z</time>
      </trkpt>
      <trkpt lat="50.385715" lon="-122.353470">
        <ele>1119.88</ele>
        <time>2026-09-16T20:12:00Z</time>
      </trkpt>
      <trkpt lat="50.405316" lon="-122.303860">
        <ele>1142.62</ele>
        <time>2026-09-16T20:22:00Z</time>
      </trkpt>
      <trkpt lat="50.451396" lon="-122.250688">
        <ele>891.76</ele>
        <time>2026-09-16T20:32:00Z</time>
      </trkpt>
      <trkpt lat="50.523280" lon="-122.163676">
        <ele>869.75</ele>
        <time>2026-09-16T20:42:00Z</time>
      </trkpt>
      <trkpt lat="50.553481" lon="-122.099540">
        <ele>738.91</ele>
        <time>2026-09-16T20:52:15Z</time>
      </trkpt>
      <trkpt lat="50.631030" lon="-122.090550">
        <ele>667.80</ele>
        <time>2026-09-16T21:02:15Z</time>
      </trkpt>
      <trkpt lat="50.638003" lon="-122.079476">
        <ele>639.94</ele>
        <time>2026-09-16T21:12:15Z</time>
      </trkpt>
      <trkpt lat="50.641630" lon="-122.025726">
        <ele>635.66</ele>
        <time>2026-09-16T21:22:15Z</time>
      </trkpt>
      <trkpt lat="50.654826" lon="-122.001478">
        <ele>459.78</ele>
        <time>2026-09-16T21:32:15Z</time>
      </trkpt>
      <trkpt lat="50.668816" lon="-121.978926">
        <ele>231.12</ele>
        <time>2026-09-16T21:42:15Z</time>
      </trkpt>
      <trkpt lat="50.691755" lon="-121.936355">
        <ele>239.36</ele>
        <time>2026-09-16T21:52:15Z</time>
      </trkpt>
      <trkpt lat="50.702913" lon="-121.925861">
        <ele>253.79</ele>
        <time>2026-09-16T22:02:15Z</time>
      </trkpt>
      <trkpt lat="50.703041" lon="-121.925861">
        <ele>255.85</ele>
        <time>2026-09-16T22:12:15Z</time>
      </trkpt>
      <trkpt lat="50.688965" lon="-121.937235">
        <ele>239.36</ele>
        <time>2026-09-16T22:22:15Z</time>
      </trkpt>
      <trkpt lat="50.705241" lon="-121.921656">
        <ele>216.71</ele>
        <time>2026-09-16T22:32:15Z</time>
      </trkpt>
      <trkpt lat="50.702645" lon="-121.921420">
        <ele>187.95</ele>
        <time>2026-09-16T22:42:15Z</time>
      </trkpt>
      <trkpt lat="50.702730" lon="-121.921335">
        <ele>218.77</ele>
        <time>2026-09-16T22:52:15Z</time>
      </trkpt>
      <trkpt lat="50.707386" lon="-121.920820">
        <ele>216.71</ele>
        <time>2026-09-16T23:02:15Z</time>
      </trkpt>
      <trkpt lat="50.702891" lon="-121.925325">
        <ele>257.91</ele>
        <time>2026-09-16T23:12:15Z</time>
      </trkpt>
      <trkpt lat="50.702945" lon="-121.925303">
        <ele>253.79</ele>
        <time>2026-09-16T23:22:15Z</time>
      </trkpt>
      <trkpt lat="50.696143" lon="-121.929230">
        <ele>245.54</ele>
        <time>2026-09-16T23:32:15Z</time>
      </trkpt>
      <trkpt lat="50.688503" lon="-121.936848">
        <ele>239.36</ele>
        <time>2026-09-16T23:42:15Z</time>
      </trkpt>
      <trkpt lat="50.688568" lon="-121.936826">
        <ele>245.54</ele>
        <time>2026-09-16T23:52:15Z</time>
      </trkpt>
      <trkpt lat="50.722653" lon="-121.913588">
        <ele>311.68</ele>
        <time>2026-09-17T00:32:15Z</time>
      </trkpt>
      <trkpt lat="50.751921" lon="-121.843013">
        <ele>311.68</ele>
        <time>2026-09-17T00:42:15Z</time>
      </trkpt>
      <trkpt lat="50.853235" lon="-121.862003">
        <ele>501.88</ele>
        <time>2026-09-17T00:52:15Z</time>
      </trkpt>
      <trkpt lat="50.872138" lon="-121.742785">
        <ele>810.62</ele>
        <time>2026-09-17T01:02:15Z</time>
      </trkpt>
      <trkpt lat="50.823901" lon="-121.672296">
        <ele>860.96</ele>
        <time>2026-09-17T01:12:15Z</time>
      </trkpt>
      <trkpt lat="50.852130" lon="-121.536255">
        <ele>736.75</ele>
        <time>2026-09-17T01:22:15Z</time>
      </trkpt>
      <trkpt lat="50.852130" lon="-121.536255">
        <ele>736.75</ele>
        <time>2026-09-17T01:22:15Z</time>
      </trkpt>
      <trkpt lat="50.903616" lon="-121.402123">
        <ele>518.76</ele>
        <time>2026-09-17T01:32:15Z</time>
      </trkpt>
      <trkpt lat="51.024423" lon="-121.548656">
        <ele>874.15</ele>
        <time>2026-09-17T01:42:15Z</time>
      </trkpt>
      <trkpt lat="51.129363" lon="-121.513145">
        <ele>949.27</ele>
        <time>2026-09-17T01:52:15Z</time>
      </trkpt>
      <trkpt lat="51.260083" lon="-121.463963">
        <ele>1094.95</ele>
        <time>2026-09-17T02:02:15Z</time>
      </trkpt>
      <trkpt lat="51.346213" lon="-121.406113">
        <ele>1088.16</ele>
        <time>2026-09-17T02:12:15Z</time>
      </trkpt>
      <trkpt lat="51.386115" lon="-121.365023">
        <ele>1099.48</ele>
        <time>2026-09-17T02:22:15Z</time>
      </trkpt>
      <trkpt lat="51.497115" lon="-121.389591">
        <ele>1158.58</ele>
        <time>2026-09-17T02:32:15Z</time>
      </trkpt>
      <trkpt lat="51.491836" lon="-121.398496">
        <ele>1167.72</ele>
        <time>2026-09-17T02:42:15Z</time>
      </trkpt>
      <trkpt lat="51.490163" lon="-121.403153">
        <ele>1154.02</ele>
        <time>2026-09-17T02:52:15Z</time>
      </trkpt>
      <trkpt lat="51.490248" lon="-121.403066">
        <ele>1170.01</ele>
        <time>2026-09-17T03:02:15Z</time>
      </trkpt>
      <trkpt lat="51.490260" lon="-121.403025">
        <ele>1160.87</ele>
        <time>2026-09-17T07:02:15Z</time>
      </trkpt>
      <trkpt lat="51.490248" lon="-121.403025">
        <ele>1163.15</ele>
        <time>2026-09-17T11:02:15Z</time>
      </trkpt>
      <trkpt lat="51.490260" lon="-121.403066">
        <ele>1158.58</ele>
        <time>2026-09-17T15:02:15Z</time>
      </trkpt>
      <trkpt lat="51.497275" lon="-121.369871">
        <ele>1160.87</ele>
        <time>2026-09-17T15:52:15Z</time>
      </trkpt>
      <trkpt lat="51.624005" lon="-121.297045">
        <ele>1007.21</ele>
        <time>2026-09-17T16:02:15Z</time>
      </trkpt>
      <trkpt lat="51.641771" lon="-121.298268">
        <ele>933.75</ele>
        <time>2026-09-17T16:12:15Z</time>
      </trkpt>
      <trkpt lat="51.656126" lon="-121.291315">
        <ele>944.83</ele>
        <time>2026-09-17T16:22:15Z</time>
      </trkpt>
      <trkpt lat="51.750905" lon="-121.345238">
        <ele>898.38</ele>
        <time>2026-09-17T16:32:15Z</time>
      </trkpt>
      <trkpt lat="51.810805" lon="-121.458621">
        <ele>825.91</ele>
        <time>2026-09-17T16:42:15Z</time>
      </trkpt>
      <trkpt lat="51.865543" lon="-121.656375">
        <ele>814.99</ele>
        <time>2026-09-17T16:52:15Z</time>
      </trkpt>
      <trkpt lat="51.986833" lon="-121.822543">
        <ele>777.95</ele>
        <time>2026-09-17T17:02:15Z</time>
      </trkpt>
      <trkpt lat="52.104528" lon="-121.927363">
        <ele>767.09</ele>
        <time>2026-09-17T17:12:15Z</time>
      </trkpt>
      <trkpt lat="52.117810" lon="-122.053685">
        <ele>580.22</ele>
        <time>2026-09-17T17:22:15Z</time>
      </trkpt>
      <trkpt lat="52.122810" lon="-122.098060">
        <ele>597.24</ele>
        <time>2026-09-17T17:32:15Z</time>
      </trkpt>
      <trkpt lat="52.126211" lon="-122.125890">
        <ele>590.86</ele>
        <time>2026-09-17T17:42:15Z</time>
      </trkpt>
      <trkpt lat="52.143526" lon="-122.137413">
        <ele>687.14</ele>
        <time>2026-09-17T17:52:15Z</time>
      </trkpt>
      <trkpt lat="52.172741" lon="-122.100591">
        <ele>795.36</ele>
        <time>2026-09-17T18:02:15Z</time>
      </trkpt>
      <trkpt lat="52.172656" lon="-122.100613">
        <ele>784.47</ele>
        <time>2026-09-17T18:12:15Z</time>
      </trkpt>
      <trkpt lat="52.213006" lon="-122.091793">
        <ele>863.16</ele>
        <time>2026-09-17T19:12:15Z</time>
      </trkpt>
      <trkpt lat="52.325145" lon="-122.249571">
        <ele>669.95</ele>
        <time>2026-09-17T19:22:15Z</time>
      </trkpt>
      <trkpt lat="52.423871" lon="-122.358126">
        <ele>676.39</ele>
        <time>2026-09-17T19:32:15Z</time>
      </trkpt>
      <trkpt lat="52.494715" lon="-122.426620">
        <ele>485.02</ele>
        <time>2026-09-17T19:42:15Z</time>
      </trkpt>
      <trkpt lat="52.643566" lon="-122.452433">
        <ele>548.38</ele>
        <time>2026-09-17T19:52:15Z</time>
      </trkpt>
      <trkpt lat="52.807298" lon="-122.421898">
        <ele>573.85</ele>
        <time>2026-09-17T20:02:15Z</time>
      </trkpt>
      <trkpt lat="52.954991" lon="-122.445760">
        <ele>618.57</ele>
        <time>2026-09-17T20:12:15Z</time>
      </trkpt>
      <trkpt lat="52.969723" lon="-122.440030">
        <ele>601.51</ele>
        <time>2026-09-17T20:22:15Z</time>
      </trkpt>
      <trkpt lat="52.964980" lon="-122.439580">
        <ele>614.30</ele>
        <time>2026-09-17T20:39:00Z</time>
      </trkpt>
      <trkpt lat="52.979335" lon="-122.498395">
        <ele>474.50</ele>
        <time>2026-09-17T20:49:00Z</time>
      </trkpt>
      <trkpt lat="53.076475" lon="-122.411750">
        <ele>775.78</ele>
        <time>2026-09-17T20:59:00Z</time>
      </trkpt>
      <trkpt lat="53.153153" lon="-122.361516">
        <ele>841.23</ele>
        <time>2026-09-17T21:09:00Z</time>
      </trkpt>
      <trkpt lat="53.153110" lon="-122.361431">
        <ele>825.91</ele>
        <time>2026-09-17T21:19:00Z</time>
      </trkpt>
      <trkpt lat="53.228008" lon="-122.438936">
        <ele>678.54</ele>
        <time>2026-09-17T22:19:00Z</time>
      </trkpt>
      <trkpt lat="53.356680" lon="-122.561266">
        <ele>646.36</ele>
        <time>2026-09-17T22:29:00Z</time>
      </trkpt>
      <trkpt lat="53.482603" lon="-122.636453">
        <ele>775.78</ele>
        <time>2026-09-17T22:39:00Z</time>
      </trkpt>
      <trkpt lat="53.561611" lon="-122.663426">
        <ele>637.80</ele>
        <time>2026-09-17T22:49:00Z</time>
      </trkpt>
      <trkpt lat="53.618356" lon="-122.664691">
        <ele>571.72</ele>
        <time>2026-09-17T22:59:00Z</time>
      </trkpt>
      <trkpt lat="53.766350" lon="-122.656088">
        <ele>669.95</ele>
        <time>2026-09-17T23:09:00Z</time>
      </trkpt>
      <trkpt lat="53.886308" lon="-122.742711">
        <ele>595.12</ele>
        <time>2026-09-17T23:19:00Z</time>
      </trkpt>
      <trkpt lat="53.890793" lon="-122.769320">
        <ele>590.86</ele>
        <time>2026-09-17T23:29:00Z</time>
      </trkpt>
      <trkpt lat="53.890761" lon="-122.769320">
        <ele>586.60</ele>
        <time>2026-09-17T23:39:00Z</time>
      </trkpt>
      <trkpt lat="53.907713" lon="-122.781615">
        <ele>586.60</ele>
        <time>2026-09-18T00:29:00Z</time>
      </trkpt>
      <trkpt lat="53.975573" lon="-122.768096">
        <ele>680.69</ele>
        <time>2026-09-18T00:39:00Z</time>
      </trkpt>
      <trkpt lat="53.995893" lon="-122.799896">
        <ele>736.75</ele>
        <time>2026-09-18T00:49:00Z</time>
      </trkpt>
      <trkpt lat="54.057713" lon="-122.734558">
        <ele>672.09</ele>
        <time>2026-09-18T00:59:00Z</time>
      </trkpt>
      <trkpt lat="54.189248" lon="-122.608258">
        <ele>689.29</ele>
        <time>2026-09-18T01:09:00Z</time>
      </trkpt>
      <trkpt lat="54.349258" lon="-122.650508">
        <ele>717.30</ele>
        <time>2026-09-18T01:19:00Z</time>
      </trkpt>
      <trkpt lat="54.452330" lon="-122.671345">
        <ele>715.15</ele>
        <time>2026-09-18T01:29:00Z</time>
      </trkpt>
      <trkpt lat="54.451246" lon="-122.671130">
        <ele>717.30</ele>
        <time>2026-09-18T01:39:00Z</time>
      </trkpt>
      <trkpt lat="54.451213" lon="-122.671151">
        <ele>710.83</ele>
        <time>2026-09-18T01:49:00Z</time>
      </trkpt>
      <trkpt lat="54.451268" lon="-122.671065">
        <ele>717.30</ele>
        <time>2026-09-18T05:49:00Z</time>
      </trkpt>
      <trkpt lat="54.451138" lon="-122.671151">
        <ele>719.46</ele>
        <time>2026-09-18T09:49:00Z</time>
      </trkpt>
      <trkpt lat="54.451213" lon="-122.671086">
        <ele>723.78</ele>
        <time>2026-09-18T13:49:00Z</time>
      </trkpt>
      <trkpt lat="54.438456" lon="-122.645766">
        <ele>700.05</ele>
        <time>2026-09-18T15:29:00Z</time>
      </trkpt>
      <trkpt lat="54.547033" lon="-122.708810">
        <ele>695.75</ele>
        <time>2026-09-18T15:39:00Z</time>
      </trkpt>
      <trkpt lat="54.631146" lon="-122.714453">
        <ele>697.90</ele>
        <time>2026-09-18T15:49:00Z</time>
      </trkpt>
      <trkpt lat="54.752373" lon="-122.797343">
        <ele>693.59</ele>
        <time>2026-09-18T15:59:00Z</time>
      </trkpt>
      <trkpt lat="54.850670" lon="-122.881780">
        <ele>695.75</ele>
        <time>2026-09-18T16:09:00Z</time>
      </trkpt>
      <trkpt lat="54.970725" lon="-123.011491">
        <ele>691.44</ele>
        <time>2026-09-18T16:19:00Z</time>
      </trkpt>
      <trkpt lat="55.092305" lon="-123.011555">
        <ele>741.08</ele>
        <time>2026-09-18T16:29:00Z</time>
      </trkpt>
      <trkpt lat="55.136861" lon="-122.835453">
        <ele>741.08</ele>
        <time>2026-09-18T16:39:00Z</time>
      </trkpt>
      <trkpt lat="55.241168" lon="-122.687973">
        <ele>730.26</ele>
        <time>2026-09-18T16:49:00Z</time>
      </trkpt>
      <trkpt lat="55.367038" lon="-122.605211">
        <ele>887.35</ele>
        <time>2026-09-18T16:59:00Z</time>
      </trkpt>
      <trkpt lat="55.459853" lon="-122.765780">
        <ele>810.62</ele>
        <time>2026-09-18T17:09:00Z</time>
      </trkpt>
      <trkpt lat="55.461141" lon="-122.769556">
        <ele>810.62</ele>
        <time>2026-09-18T17:19:00Z</time>
      </trkpt>
      <trkpt lat="55.513561" lon="-122.758891">
        <ele>743.24</ele>
        <time>2026-09-18T17:29:00Z</time>
      </trkpt>
      <trkpt lat="55.517166" lon="-122.740501">
        <ele>747.57</ele>
        <time>2026-09-18T17:39:00Z</time>
      </trkpt>
      <trkpt lat="55.505075" lon="-122.608688">
        <ele>708.67</ele>
        <time>2026-09-18T17:49:00Z</time>
      </trkpt>
      <trkpt lat="55.555168" lon="-122.433593">
        <ele>680.69</ele>
        <time>2026-09-18T17:59:00Z</time>
      </trkpt>
      <trkpt lat="55.638488" lon="-122.227278">
        <ele>629.25</ele>
        <time>2026-09-18T18:09:00Z</time>
      </trkpt>
      <trkpt lat="55.613340" lon="-121.985106">
        <ele>642.08</ele>
        <time>2026-09-18T18:19:00Z</time>
      </trkpt>
      <trkpt lat="55.631921" lon="-121.781923">
        <ele>582.35</ele>
        <time>2026-09-18T18:29:00Z</time>
      </trkpt>
      <trkpt lat="55.696960" lon="-121.633008">
        <ele>635.66</ele>
        <time>2026-09-18T18:39:00Z</time>
      </trkpt>
      <trkpt lat="55.702378" lon="-121.433280">
        <ele>723.78</ele>
        <time>2026-09-18T18:49:00Z</time>
      </trkpt>
      <trkpt lat="55.712378" lon="-121.380000">
        <ele>721.62</ele>
        <time>2026-09-18T18:59:00Z</time>
      </trkpt>
      <trkpt lat="55.712378" lon="-121.380000">
        <ele>728.10</ele>
        <time>2026-09-18T19:09:00Z</time>
      </trkpt>
      <trkpt lat="55.715221" lon="-121.354486">
        <ele>721.62</ele>
        <time>2026-09-18T21:49:00Z</time>
      </trkpt>
      <trkpt lat="55.717688" lon="-121.185530">
        <ele>614.30</ele>
        <time>2026-09-18T21:59:00Z</time>
      </trkpt>
      <trkpt lat="55.781310" lon="-120.953250">
        <ele>734.59</ele>
        <time>2026-09-18T22:09:00Z</time>
      </trkpt>
      <trkpt lat="55.781290" lon="-120.677411">
        <ele>715.15</ele>
        <time>2026-09-18T22:19:00Z</time>
      </trkpt>
      <trkpt lat="55.766408" lon="-120.435390">
        <ele>806.26</ele>
        <time>2026-09-18T22:29:00Z</time>
      </trkpt>
      <trkpt lat="55.737730" lon="-120.251133">
        <ele>672.09</ele>
        <time>2026-09-18T22:39:00Z</time>
      </trkpt>
      <trkpt lat="55.684761" lon="-120.116121">
        <ele>697.90</ele>
        <time>2026-09-18T22:49:00Z</time>
      </trkpt>
      <trkpt lat="55.541908" lon="-120.065781">
        <ele>741.08</ele>
        <time>2026-09-18T22:59:00Z</time>
      </trkpt>
      <trkpt lat="55.488671" lon="-120.036921">
        <ele>738.91</ele>
        <time>2026-09-18T23:09:00Z</time>
      </trkpt>
      <trkpt lat="55.397153" lon="-120.107666">
        <ele>876.35</ele>
        <time>2026-09-18T23:19:00Z</time>
      </trkpt>
      <trkpt lat="55.374333" lon="-120.117666">
        <ele>876.35</ele>
        <time>2026-09-18T23:29:00Z</time>
      </trkpt>
      <trkpt lat="55.374345" lon="-120.117666">
        <ele>876.35</ele>
        <time>2026-09-18T23:39:00Z</time>
      </trkpt>
      <trkpt lat="55.374388" lon="-120.117773">
        <ele>882.95</ele>
        <time>2026-09-19T03:39:00Z</time>
      </trkpt>
      <trkpt lat="55.374376" lon="-120.117623">
        <ele>893.97</ele>
        <time>2026-09-19T07:39:00Z</time>
      </trkpt>
      <trkpt lat="55.374333" lon="-120.117666">
        <ele>885.15</ele>
        <time>2026-09-19T11:39:00Z</time>
      </trkpt>
      <trkpt lat="55.377950" lon="-120.113418">
        <ele>874.15</ele>
        <time>2026-09-19T13:39:00Z</time>
      </trkpt>
      <trkpt lat="55.462321" lon="-120.072433">
        <ele>769.26</ele>
        <time>2026-09-19T13:49:00Z</time>
      </trkpt>
      <trkpt lat="55.459381" lon="-119.902510">
        <ele>830.28</ele>
        <time>2026-09-19T13:59:00Z</time>
      </trkpt>
      <trkpt lat="55.376770" lon="-119.654095">
        <ele>775.78</ele>
        <time>2026-09-19T14:09:00Z</time>
      </trkpt>
      <trkpt lat="55.254375" lon="-119.482863">
        <ele>725.94</ele>
        <time>2026-09-19T14:19:00Z</time>
      </trkpt>
      <trkpt lat="55.170260" lon="-119.317316">
        <ele>749.74</ele>
        <time>2026-09-19T14:29:00Z</time>
      </trkpt>
      <trkpt lat="55.170390" lon="-119.040298">
        <ele>741.08</ele>
        <time>2026-09-19T14:39:00Z</time>
      </trkpt>
      <trkpt lat="55.173715" lon="-118.848403">
        <ele>680.69</ele>
        <time>2026-09-19T14:49:00Z</time>
      </trkpt>
      <trkpt lat="55.173801" lon="-118.848531">
        <ele>661.36</ele>
        <time>2026-09-19T14:59:00Z</time>
      </trkpt>
      <trkpt lat="55.174798" lon="-118.846171">
        <ele>667.80</ele>
        <time>2026-09-19T15:19:00Z</time>
      </trkpt>
      <trkpt lat="55.228840" lon="-118.741671">
        <ele>674.24</ele>
        <time>2026-09-19T15:29:00Z</time>
      </trkpt>
      <trkpt lat="55.228636" lon="-118.460963">
        <ele>642.08</ele>
        <time>2026-09-19T15:39:00Z</time>
      </trkpt>
      <trkpt lat="55.223786" lon="-118.249883">
        <ele>527.22</ele>
        <time>2026-09-19T15:49:00Z</time>
      </trkpt>
      <trkpt lat="55.213820" lon="-117.967436">
        <ele>665.65</ele>
        <time>2026-09-19T15:59:00Z</time>
      </trkpt>
      <trkpt lat="55.112335" lon="-117.743010">
        <ele>747.57</ele>
        <time>2026-09-19T16:09:00Z</time>
      </trkpt>
      <trkpt lat="55.062093" lon="-117.492985">
        <ele>700.05</ele>
        <time>2026-09-19T16:19:00Z</time>
      </trkpt>
      <trkpt lat="55.060290" lon="-117.283130">
        <ele>704.36</ele>
        <time>2026-09-19T16:29:00Z</time>
      </trkpt>
      <trkpt lat="55.054636" lon="-117.279975">
        <ele>721.62</ele>
        <time>2026-09-19T16:39:00Z</time>
      </trkpt>
      <trkpt lat="55.051996" lon="-117.282636">
        <ele>730.26</ele>
        <time>2026-09-19T16:49:00Z</time>
      </trkpt>
      <trkpt lat="55.052275" lon="-117.282980">
        <ele>719.46</ele>
        <time>2026-09-19T16:59:00Z</time>
      </trkpt>
      <trkpt lat="55.050258" lon="-117.282293">
        <ele>728.10</ele>
        <time>2026-09-19T17:09:00Z</time>
      </trkpt>
      <trkpt lat="55.050248" lon="-117.282550">
        <ele>730.26</ele>
        <time>2026-09-19T17:19:00Z</time>
      </trkpt>
      <trkpt lat="55.019391" lon="-117.281541">
        <ele>719.46</ele>
        <time>2026-09-19T17:29:00Z</time>
      </trkpt>
      <trkpt lat="54.841776" lon="-117.272636">
        <ele>682.84</ele>
        <time>2026-09-19T17:39:00Z</time>
      </trkpt>
      <trkpt lat="54.714275" lon="-117.131166">
        <ele>721.62</ele>
        <time>2026-09-19T17:49:00Z</time>
      </trkpt>
      <trkpt lat="54.591408" lon="-117.044863">
        <ele>784.47</ele>
        <time>2026-09-19T17:59:00Z</time>
      </trkpt>
      <trkpt lat="54.591408" lon="-117.044841">
        <ele>775.78</ele>
        <time>2026-09-19T18:09:00Z</time>
      </trkpt>
      <trkpt lat="54.480815" lon="-116.969740">
        <ele>788.83</ele>
        <time>2026-09-19T20:59:00Z</time>
      </trkpt>
      <trkpt lat="54.376133" lon="-116.760313">
        <ele>858.77</ele>
        <time>2026-09-19T21:09:00Z</time>
      </trkpt>
      <trkpt lat="54.313723" lon="-116.504516">
        <ele>896.17</ele>
        <time>2026-09-19T21:19:00Z</time>
      </trkpt>
      <trkpt lat="54.292481" lon="-116.218828">
        <ele>889.56</ele>
        <time>2026-09-19T21:29:00Z</time>
      </trkpt>
      <trkpt lat="54.207520" lon="-115.977151">
        <ele>782.30</ele>
        <time>2026-09-19T21:39:00Z</time>
      </trkpt>
      <trkpt lat="54.154358" lon="-115.721720">
        <ele>687.14</ele>
        <time>2026-09-19T21:49:00Z</time>
      </trkpt>
      <trkpt lat="54.080371" lon="-115.570786">
        <ele>806.26</ele>
        <time>2026-09-19T21:59:00Z</time>
      </trkpt>
      <trkpt lat="54.033508" lon="-115.296428">
        <ele>732.43</ele>
        <time>2026-09-19T22:09:00Z</time>
      </trkpt>
      <trkpt lat="53.925983" lon="-115.086315">
        <ele>704.36</ele>
        <time>2026-09-19T22:19:00Z</time>
      </trkpt>
      <trkpt lat="53.860591" lon="-114.815583">
        <ele>712.99</ele>
        <time>2026-09-19T22:29:00Z</time>
      </trkpt>
      <trkpt lat="53.795038" lon="-114.547726">
        <ele>736.75</ele>
        <time>2026-09-19T22:39:00Z</time>
      </trkpt>
      <trkpt lat="53.724453" lon="-114.308538">
        <ele>741.08</ele>
        <time>2026-09-19T22:49:00Z</time>
      </trkpt>
      <trkpt lat="53.604055" lon="-114.223223">
        <ele>758.41</ele>
        <time>2026-09-19T22:59:00Z</time>
      </trkpt>
      <trkpt lat="53.569465" lon="-114.011971">
        <ele>715.15</ele>
        <time>2026-09-19T23:09:00Z</time>
      </trkpt>
      <trkpt lat="53.569496" lon="-113.719868">
        <ele>706.52</ele>
        <time>2026-09-19T23:19:00Z</time>
      </trkpt>
      <trkpt lat="53.527965" lon="-113.630261">
        <ele>663.51</ele>
        <time>2026-09-19T23:29:00Z</time>
      </trkpt>
      <trkpt lat="53.524640" lon="-113.619533">
        <ele>725.94</ele>
        <time>2026-09-19T23:39:00Z</time>
      </trkpt>
      <trkpt lat="53.524146" lon="-113.619876">
        <ele>676.39</ele>
        <time>2026-09-19T23:49:00Z</time>
      </trkpt>
      <trkpt lat="53.515208" lon="-113.656846">
        <ele>669.95</ele>
        <time>2026-09-20T02:09:00Z</time>
      </trkpt>
      <trkpt lat="53.627325" lon="-113.618310">
        <ele>697.90</ele>
        <time>2026-09-20T02:19:00Z</time>
      </trkpt>
      <trkpt lat="53.644363" lon="-113.621700">
        <ele>657.07</ele>
        <time>2026-09-20T02:29:00Z</time>
      </trkpt>
      <trkpt lat="53.654286" lon="-113.626335">
        <ele>706.52</ele>
        <time>2026-09-20T02:39:00Z</time>
      </trkpt>
      <trkpt lat="53.658953" lon="-113.633093">
        <ele>687.14</ele>
        <time>2026-09-20T02:49:00Z</time>
      </trkpt>
      <trkpt lat="53.658953" lon="-113.633051">
        <ele>697.90</ele>
        <time>2026-09-20T02:59:00Z</time>
      </trkpt>
      <trkpt lat="53.649555" lon="-113.626591">
        <ele>680.69</ele>
        <time>2026-09-20T03:09:00Z</time>
      </trkpt>
      <trkpt lat="53.649588" lon="-113.626485">
        <ele>678.54</ele>
        <time>2026-09-20T03:19:00Z</time>
      </trkpt>
      <trkpt lat="53.649620" lon="-113.626635">
        <ele>657.07</ele>
        <time>2026-09-20T07:19:00Z</time>
      </trkpt>
      <trkpt lat="53.649491" lon="-113.626313">
        <ele>717.30</ele>
        <time>2026-09-20T11:19:00Z</time>
      </trkpt>
      <trkpt lat="53.649458" lon="-113.626270">
        <ele>695.75</ele>
        <time>2026-09-20T15:19:00Z</time>
      </trkpt>
      <trkpt lat="53.661100" lon="-113.633608">
        <ele>674.24</ele>
        <time>2026-09-20T15:49:00Z</time>
      </trkpt>
      <trkpt lat="53.661625" lon="-113.633586">
        <ele>695.75</ele>
        <time>2026-09-20T15:59:00Z</time>
      </trkpt>
      <trkpt lat="53.655188" lon="-113.629875">
        <ele>676.39</ele>
        <time>2026-09-20T16:59:00Z</time>
      </trkpt>
      <trkpt lat="53.649598" lon="-113.628823">
        <ele>678.54</ele>
        <time>2026-09-20T17:09:00Z</time>
      </trkpt>
      <trkpt lat="53.649523" lon="-113.628888">
        <ele>669.95</ele>
        <time>2026-09-20T17:19:00Z</time>
      </trkpt>
      <trkpt lat="53.647581" lon="-113.628180">
        <ele>667.80</ele>
        <time>2026-09-20T17:39:00Z</time>
      </trkpt>
      <trkpt lat="53.653783" lon="-113.629210">
        <ele>687.14</ele>
        <time>2026-09-20T17:49:00Z</time>
      </trkpt>
      <trkpt lat="53.753045" lon="-113.644895">
        <ele>691.44</ele>
        <time>2026-09-20T17:59:00Z</time>
      </trkpt>
      <trkpt lat="53.897123" lon="-113.645003">
        <ele>708.67</ele>
        <time>2026-09-20T18:09:00Z</time>
      </trkpt>
      <trkpt lat="53.949780" lon="-113.644080">
        <ele>708.67</ele>
        <time>2026-09-20T18:19:00Z</time>
      </trkpt>
      <trkpt lat="54.052208" lon="-113.669636">
        <ele>663.51</ele>
        <time>2026-09-20T18:29:00Z</time>
      </trkpt>
      <trkpt lat="54.179913" lon="-113.639466">
        <ele>633.52</ele>
        <time>2026-09-20T18:39:00Z</time>
      </trkpt>
      <trkpt lat="54.305838" lon="-113.525355">
        <ele>657.07</ele>
        <time>2026-09-20T18:49:00Z</time>
      </trkpt>
      <trkpt lat="54.445935" lon="-113.445125">
        <ele>669.95</ele>
        <time>2026-09-20T18:59:00Z</time>
      </trkpt>
      <trkpt lat="54.514578" lon="-113.381373">
        <ele>637.80</ele>
        <time>2026-09-20T19:09:00Z</time>
      </trkpt>
      <trkpt lat="54.514515" lon="-113.381331">
        <ele>648.50</ele>
        <time>2026-09-20T19:19:00Z</time>
      </trkpt>
      <trkpt lat="54.564425" lon="-113.379571">
        <ele>684.99</ele>
        <time>2026-09-20T19:59:00Z</time>
      </trkpt>
      <trkpt lat="54.704038" lon="-113.288205">
        <ele>580.22</ele>
        <time>2026-09-20T20:09:00Z</time>
      </trkpt>
      <trkpt lat="54.717375" lon="-113.296058">
        <ele>544.15</ele>
        <time>2026-09-20T20:19:00Z</time>
      </trkpt>
      <trkpt lat="54.717343" lon="-113.296036">
        <ele>529.33</ele>
        <time>2026-09-20T20:29:00Z</time>
      </trkpt>
      <trkpt lat="54.717986" lon="-113.262433">
        <ele>582.35</ele>
        <time>2026-09-20T20:39:00Z</time>
      </trkpt>
      <trkpt lat="54.732675" lon="-113.019770">
        <ele>578.10</ele>
        <time>2026-09-20T20:49:00Z</time>
      </trkpt>
      <trkpt lat="54.765870" lon="-112.802446">
        <ele>565.35</ele>
        <time>2026-09-20T20:59:00Z</time>
      </trkpt>
      <trkpt lat="54.820275" lon="-112.614713">
        <ele>580.22</ele>
        <time>2026-09-20T21:09:00Z</time>
      </trkpt>
      <trkpt lat="54.820115" lon="-112.325506">
        <ele>631.39</ele>
        <time>2026-09-20T21:19:00Z</time>
      </trkpt>
      <trkpt lat="54.774560" lon="-112.071103">
        <ele>578.10</ele>
        <time>2026-09-20T21:29:00Z</time>
      </trkpt>
      <trkpt lat="54.690241" lon="-111.971755">
        <ele>556.86</ele>
        <time>2026-09-20T21:39:00Z</time>
      </trkpt>
      <trkpt lat="54.564221" lon="-111.883285">
        <ele>588.73</ele>
        <time>2026-09-20T21:49:00Z</time>
      </trkpt>
      <trkpt lat="54.500416" lon="-111.686240">
        <ele>586.60</ele>
        <time>2026-09-20T21:59:00Z</time>
      </trkpt>
      <trkpt lat="54.482285" lon="-111.472263">
        <ele>590.86</ele>
        <time>2026-09-20T22:09:00Z</time>
      </trkpt>
      <trkpt lat="54.467725" lon="-111.203913">
        <ele>580.22</ele>
        <time>2026-09-20T22:19:00Z</time>
      </trkpt>
      <trkpt lat="54.456900" lon="-110.981913">
        <ele>565.35</ele>
        <time>2026-09-20T22:29:00Z</time>
      </trkpt>
      <trkpt lat="54.442385" lon="-110.757465">
        <ele>550.50</ele>
        <time>2026-09-20T22:39:00Z</time>
      </trkpt>
      <trkpt lat="54.456986" lon="-110.476348">
        <ele>548.38</ele>
        <time>2026-09-20T22:49:00Z</time>
      </trkpt>
      <trkpt lat="54.456996" lon="-110.215423">
        <ele>525.10</ele>
        <time>2026-09-20T22:59:00Z</time>
      </trkpt>
      <trkpt lat="54.458326" lon="-110.139613">
        <ele>522.99</ele>
        <time>2026-09-20T23:09:00Z</time>
      </trkpt>
      <trkpt lat="54.443768" lon="-110.141608">
        <ele>535.68</ele>
        <time>2026-09-20T23:19:00Z</time>
      </trkpt>
      <trkpt lat="54.460860" lon="-110.117898">
        <ele>552.62</ele>
        <time>2026-09-20T23:29:00Z</time>
      </trkpt>
      <trkpt lat="54.471020" lon="-110.122190">
        <ele>554.74</ele>
        <time>2026-09-20T23:39:00Z</time>
      </trkpt>
      <trkpt lat="54.470923" lon="-110.122190">
        <ele>563.23</ele>
        <time>2026-09-20T23:49:00Z</time>
      </trkpt>
      <trkpt lat="54.470783" lon="-110.108198">
        <ele>531.45</ele>
        <time>2026-09-21T00:09:00Z</time>
      </trkpt>
      <trkpt lat="54.460688" lon="-110.121095">
        <ele>539.91</ele>
        <time>2026-09-21T00:19:00Z</time>
      </trkpt>
      <trkpt lat="54.413373" lon="-110.207183">
        <ele>529.33</ele>
        <time>2026-09-21T00:29:00Z</time>
      </trkpt>
      <trkpt lat="54.444551" lon="-110.142123">
        <ele>537.79</ele>
        <time>2026-09-21T00:39:00Z</time>
      </trkpt>
      <trkpt lat="54.470128" lon="-110.122468">
        <ele>552.62</ele>
        <time>2026-09-21T00:49:00Z</time>
      </trkpt>
      <trkpt lat="54.470966" lon="-110.122190">
        <ele>592.99</ele>
        <time>2026-09-21T00:59:00Z</time>
      </trkpt>
      <trkpt lat="54.471020" lon="-110.122231">
        <ele>563.23</ele>
        <time>2026-09-21T04:59:00Z</time>
      </trkpt>
      <trkpt lat="54.470986" lon="-110.122190">
        <ele>567.47</ele>
        <time>2026-09-21T08:59:00Z</time>
      </trkpt>
      <trkpt lat="54.470901" lon="-110.122190">
        <ele>565.35</ele>
        <time>2026-09-21T12:59:00Z</time>
      </trkpt>
      <trkpt lat="54.470858" lon="-110.108241">
        <ele>533.56</ele>
        <time>2026-09-21T16:39:00Z</time>
      </trkpt>
      <trkpt lat="54.470858" lon="-110.108198">
        <ele>542.03</ele>
        <time>2026-09-21T16:49:00Z</time>
      </trkpt>
      <trkpt lat="54.471995" lon="-110.108800">
        <ele>556.86</ele>
        <time>2026-09-21T16:59:00Z</time>
      </trkpt>
      <trkpt lat="54.472006" lon="-110.108821">
        <ele>558.98</ele>
        <time>2026-09-21T17:09:00Z</time>
      </trkpt>
      <trkpt lat="54.472016" lon="-110.108778">
        <ele>550.50</ele>
        <time>2026-09-21T21:09:00Z</time>
      </trkpt>
      <trkpt lat="54.467973" lon="-110.113048">
        <ele>531.45</ele>
        <time>2026-09-21T23:19:00Z</time>
      </trkpt>
      <trkpt lat="54.464378" lon="-110.175983">
        <ele>539.91</ele>
        <time>2026-09-21T23:29:00Z</time>
      </trkpt>
      <trkpt lat="54.462640" lon="-110.173108">
        <ele>529.33</ele>
        <time>2026-09-21T23:39:00Z</time>
      </trkpt>
      <trkpt lat="54.392678" lon="-110.130558">
        <ele>535.68</ele>
        <time>2026-09-21T23:49:00Z</time>
      </trkpt>
      <trkpt lat="54.340320" lon="-109.940980">
        <ele>529.33</ele>
        <time>2026-09-21T23:59:00Z</time>
      </trkpt>
      <trkpt lat="54.348388" lon="-109.699881">
        <ele>529.33</ele>
        <time>2026-09-22T00:09:00Z</time>
      </trkpt>
      <trkpt lat="54.347155" lon="-109.452130">
        <ele>550.50</ele>
        <time>2026-09-22T00:19:00Z</time>
      </trkpt>
      <trkpt lat="54.354568" lon="-109.224228">
        <ele>512.43</ele>
        <time>2026-09-22T00:29:00Z</time>
      </trkpt>
      <trkpt lat="54.354515" lon="-109.006583">
        <ele>510.32</ele>
        <time>2026-09-22T00:39:00Z</time>
      </trkpt>
      <trkpt lat="54.354611" lon="-108.811963">
        <ele>493.44</ele>
        <time>2026-09-22T00:49:00Z</time>
      </trkpt>
      <trkpt lat="54.354546" lon="-108.648176">
        <ele>482.91</ele>
        <time>2026-09-22T00:59:00Z</time>
      </trkpt>
      <trkpt lat="54.409800" lon="-108.630538">
        <ele>470.29</ele>
        <time>2026-09-22T01:09:00Z</time>
      </trkpt>
      <trkpt lat="54.455463" lon="-108.526018">
        <ele>466.09</ele>
        <time>2026-09-22T01:19:00Z</time>
      </trkpt>
      <trkpt lat="54.451880" lon="-108.534215">
        <ele>474.50</ele>
        <time>2026-09-22T01:29:00Z</time>
      </trkpt>
      <trkpt lat="54.451975" lon="-108.534300">
        <ele>487.12</ele>
        <time>2026-09-22T01:39:00Z</time>
      </trkpt>
      <trkpt lat="54.451996" lon="-108.534236">
        <ele>472.39</ele>
        <time>2026-09-22T05:39:00Z</time>
      </trkpt>
      <trkpt lat="54.451921" lon="-108.534300">
        <ele>489.23</ele>
        <time>2026-09-22T09:39:00Z</time>
      </trkpt>
      <trkpt lat="54.427761" lon="-108.599316">
        <ele>470.29</ele>
        <time>2026-09-22T13:39:00Z</time>
      </trkpt>
      <trkpt lat="54.326760" lon="-108.625645">
        <ele>476.60</ele>
        <time>2026-09-22T13:49:00Z</time>
      </trkpt>
      <trkpt lat="54.194355" lon="-108.578053">
        <ele>476.60</ele>
        <time>2026-09-22T13:59:00Z</time>
      </trkpt>
      <trkpt lat="54.126473" lon="-108.453061">
        <ele>480.81</ele>
        <time>2026-09-22T14:09:00Z</time>
      </trkpt>
      <trkpt lat="54.122246" lon="-108.452075">
        <ele>489.23</ele>
        <time>2026-09-22T14:19:00Z</time>
      </trkpt>
      <trkpt lat="54.122471" lon="-108.451216">
        <ele>476.60</ele>
        <time>2026-09-22T14:29:00Z</time>
      </trkpt>
      <trkpt lat="54.134188" lon="-108.453105">
        <ele>472.39</ele>
        <time>2026-09-22T15:19:00Z</time>
      </trkpt>
      <trkpt lat="54.155451" lon="-108.262388">
        <ele>489.23</ele>
        <time>2026-09-22T15:29:00Z</time>
      </trkpt>
      <trkpt lat="54.223558" lon="-108.035280">
        <ele>470.29</ele>
        <time>2026-09-22T15:39:00Z</time>
      </trkpt>
      <trkpt lat="54.291526" lon="-107.802186">
        <ele>438.80</ele>
        <time>2026-09-22T15:49:00Z</time>
      </trkpt>
      <trkpt lat="54.241583" lon="-107.576108">
        <ele>474.50</ele>
        <time>2026-09-22T15:59:00Z</time>
      </trkpt>
      <trkpt lat="54.143038" lon="-107.417556">
        <ele>485.02</ele>
        <time>2026-09-22T16:09:00Z</time>
      </trkpt>
      <trkpt lat="54.008821" lon="-107.243191">
        <ele>455.58</ele>
        <time>2026-09-22T16:19:00Z</time>
      </trkpt>
      <trkpt lat="53.879603" lon="-107.057196">
        <ele>508.21</ele>
        <time>2026-09-22T16:29:00Z</time>
      </trkpt>
      <trkpt lat="53.741211" lon="-106.971280">
        <ele>503.99</ele>
        <time>2026-09-22T16:39:00Z</time>
      </trkpt>
      <trkpt lat="53.596748" lon="-106.952268">
        <ele>518.76</ele>
        <time>2026-09-22T16:49:00Z</time>
      </trkpt>
      <trkpt lat="53.474590" lon="-106.802708">
        <ele>527.22</ele>
        <time>2026-09-22T16:59:00Z</time>
      </trkpt>
      <trkpt lat="53.363116" lon="-106.612636">
        <ele>503.99</ele>
        <time>2026-09-22T17:09:00Z</time>
      </trkpt>
      <trkpt lat="53.271653" lon="-106.432435">
        <ele>514.54</ele>
        <time>2026-09-22T17:19:00Z</time>
      </trkpt>
      <trkpt lat="53.227193" lon="-106.252620">
        <ele>495.55</ele>
        <time>2026-09-22T17:29:00Z</time>
      </trkpt>
      <trkpt lat="53.225391" lon="-105.994248">
        <ele>461.88</ele>
        <time>2026-09-22T17:39:00Z</time>
      </trkpt>
      <trkpt lat="53.212785" lon="-105.875780">
        <ele>432.51</ele>
        <time>2026-09-22T17:49:00Z</time>
      </trkpt>
      <trkpt lat="53.186155" lon="-105.762420">
        <ele>472.39</ele>
        <time>2026-09-22T17:59:00Z</time>
      </trkpt>
      <trkpt lat="53.186101" lon="-105.762376">
        <ele>461.88</ele>
        <time>2026-09-22T18:09:00Z</time>
      </trkpt>
      <trkpt lat="53.180126" lon="-105.755338">
        <ele>461.88</ele>
        <time>2026-09-22T19:09:00Z</time>
      </trkpt>
      <trkpt lat="53.187346" lon="-105.754308">
        <ele>457.68</ele>
        <time>2026-09-22T19:19:00Z</time>
      </trkpt>
      <trkpt lat="53.193258" lon="-105.729911">
        <ele>457.68</ele>
        <time>2026-09-22T19:29:00Z</time>
      </trkpt>
      <trkpt lat="53.193140" lon="-105.726843">
        <ele>453.48</ele>
        <time>2026-09-22T19:39:00Z</time>
      </trkpt>
      <trkpt lat="53.193096" lon="-105.726821">
        <ele>457.68</ele>
        <time>2026-09-22T19:49:00Z</time>
      </trkpt>
      <trkpt lat="53.187571" lon="-105.714355">
        <ele>434.61</ele>
        <time>2026-09-22T20:19:00Z</time>
      </trkpt>
      <trkpt lat="53.191466" lon="-105.727208">
        <ele>453.48</ele>
        <time>2026-09-22T20:29:00Z</time>
      </trkpt>
      <trkpt lat="53.197001" lon="-105.758815">
        <ele>438.80</ele>
        <time>2026-09-22T20:39:00Z</time>
      </trkpt>
      <trkpt lat="53.234360" lon="-105.655066">
        <ele>445.09</ele>
        <time>2026-09-22T20:49:00Z</time>
      </trkpt>
      <trkpt lat="53.277898" lon="-105.447506">
        <ele>468.19</ele>
        <time>2026-09-22T20:59:00Z</time>
      </trkpt>
      <trkpt lat="53.277898" lon="-105.276403">
        <ele>476.60</ele>
        <time>2026-09-22T21:09:00Z</time>
      </trkpt>
      <trkpt lat="53.294506" lon="-105.163793">
        <ele>445.09</ele>
        <time>2026-09-22T21:19:00Z</time>
      </trkpt>
      <trkpt lat="53.291973" lon="-105.167270">
        <ele>451.38</ele>
        <time>2026-09-22T21:29:00Z</time>
      </trkpt>
      <trkpt lat="53.292016" lon="-105.167270">
        <ele>455.58</ele>
        <time>2026-09-22T21:39:00Z</time>
      </trkpt>
      <trkpt lat="53.292038" lon="-105.167313">
        <ele>461.88</ele>
        <time>2026-09-23T01:39:00Z</time>
      </trkpt>
      <trkpt lat="53.291973" lon="-105.167355">
        <ele>459.78</ele>
        <time>2026-09-23T05:39:00Z</time>
      </trkpt>
      <trkpt lat="53.291995" lon="-105.167398">
        <ele>449.29</ele>
        <time>2026-09-23T09:39:00Z</time>
      </trkpt>
      <trkpt lat="53.302938" lon="-105.195958">
        <ele>474.50</ele>
        <time>2026-09-23T12:29:00Z</time>
      </trkpt>
      <trkpt lat="53.365810" lon="-105.246576">
        <ele>461.88</ele>
        <time>2026-09-23T12:39:00Z</time>
      </trkpt>
      <trkpt lat="53.447391" lon="-105.207416">
        <ele>480.81</ele>
        <time>2026-09-23T12:49:00Z</time>
      </trkpt>
      <trkpt lat="53.480018" lon="-104.953636">
        <ele>485.02</ele>
        <time>2026-09-23T12:59:00Z</time>
      </trkpt>
      <trkpt lat="53.481681" lon="-104.693033">
        <ele>459.78</ele>
        <time>2026-09-23T13:09:00Z</time>
      </trkpt>
      <trkpt lat="53.451973" lon="-104.486890">
        <ele>428.32</ele>
        <time>2026-09-23T13:19:00Z</time>
      </trkpt>
      <trkpt lat="53.308496" lon="-104.488735">
        <ele>428.32</ele>
        <time>2026-09-23T13:29:00Z</time>
      </trkpt>
      <trkpt lat="53.176671" lon="-104.465346">
        <ele>434.61</ele>
        <time>2026-09-23T13:39:00Z</time>
      </trkpt>
      <trkpt lat="53.103693" lon="-104.342973">
        <ele>426.23</ele>
        <time>2026-09-23T13:49:00Z</time>
      </trkpt>
      <trkpt lat="53.103758" lon="-104.093850">
        <ele>376.10</ele>
        <time>2026-09-23T13:59:00Z</time>
      </trkpt>
      <trkpt lat="53.103758" lon="-103.915236">
        <ele>361.52</ele>
        <time>2026-09-23T14:09:00Z</time>
      </trkpt>
      <trkpt lat="53.095131" lon="-103.709500">
        <ele>369.85</ele>
        <time>2026-09-23T14:19:00Z</time>
      </trkpt>
      <trkpt lat="52.946720" lon="-103.721108">
        <ele>455.58</ele>
        <time>2026-09-23T14:29:00Z</time>
      </trkpt>
      <trkpt lat="52.800185" lon="-103.721151">
        <ele>510.32</ele>
        <time>2026-09-23T14:39:00Z</time>
      </trkpt>
      <trkpt lat="52.695998" lon="-103.585388">
        <ele>503.99</ele>
        <time>2026-09-23T14:49:00Z</time>
      </trkpt>
      <trkpt lat="52.609845" lon="-103.398965">
        <ele>491.34</ele>
        <time>2026-09-23T14:59:00Z</time>
      </trkpt>
      <trkpt lat="52.537233" lon="-103.399630">
        <ele>578.10</ele>
        <time>2026-09-23T15:09:00Z</time>
      </trkpt>
      <trkpt lat="52.537136" lon="-103.399586">
        <ele>537.79</ele>
        <time>2026-09-23T15:19:00Z</time>
      </trkpt>
      <trkpt lat="52.486978" lon="-103.510716">
        <ele>565.35</ele>
        <time>2026-09-23T19:09:00Z</time>
      </trkpt>
      <trkpt lat="52.340691" lon="-103.554790">
        <ele>554.74</ele>
        <time>2026-09-23T19:19:00Z</time>
      </trkpt>
      <trkpt lat="52.195916" lon="-103.529341">
        <ele>588.73</ele>
        <time>2026-09-23T19:29:00Z</time>
      </trkpt>
      <trkpt lat="52.162871" lon="-103.523053">
        <ele>614.30</ele>
        <time>2026-09-23T19:39:00Z</time>
      </trkpt>
      <trkpt lat="52.162850" lon="-103.523205">
        <ele>582.35</ele>
        <time>2026-09-23T19:49:00Z</time>
      </trkpt>
      <trkpt lat="52.059435" lon="-103.529685">
        <ele>567.47</ele>
        <time>2026-09-23T19:59:00Z</time>
      </trkpt>
      <trkpt lat="51.931933" lon="-103.494558">
        <ele>567.47</ele>
        <time>2026-09-23T20:09:00Z</time>
      </trkpt>
      <trkpt lat="51.840673" lon="-103.369181">
        <ele>556.86</ele>
        <time>2026-09-23T20:19:00Z</time>
      </trkpt>
      <trkpt lat="51.803841" lon="-103.148403">
        <ele>554.74</ele>
        <time>2026-09-23T20:29:00Z</time>
      </trkpt>
      <trkpt lat="51.740370" lon="-102.933698">
        <ele>558.98</ele>
        <time>2026-09-23T20:39:00Z</time>
      </trkpt>
      <trkpt lat="51.690513" lon="-102.703371">
        <ele>501.88</ele>
        <time>2026-09-23T20:49:00Z</time>
      </trkpt>
      <trkpt lat="51.637855" lon="-102.470511">
        <ele>489.23</ele>
        <time>2026-09-23T20:59:00Z</time>
      </trkpt>
      <trkpt lat="51.635753" lon="-102.436630">
        <ele>501.88</ele>
        <time>2026-09-23T21:09:00Z</time>
      </trkpt>
      <trkpt lat="51.635785" lon="-102.436501">
        <ele>506.09</ele>
        <time>2026-09-23T21:19:00Z</time>
      </trkpt>
      <trkpt lat="51.634230" lon="-102.430945">
        <ele>485.02</ele>
        <time>2026-09-23T21:29:00Z</time>
      </trkpt>
      <trkpt lat="51.607911" lon="-102.255420">
        <ele>487.12</ele>
        <time>2026-09-23T21:39:00Z</time>
      </trkpt>
      <trkpt lat="51.574191" lon="-102.022283">
        <ele>461.88</ele>
        <time>2026-09-23T21:49:00Z</time>
      </trkpt>
      <trkpt lat="51.565190" lon="-101.818135">
        <ele>506.09</ele>
        <time>2026-09-23T21:59:00Z</time>
      </trkpt>
      <trkpt lat="51.636890" lon="-101.656515">
        <ele>622.84</ele>
        <time>2026-09-23T22:09:00Z</time>
      </trkpt>
      <trkpt lat="51.639111" lon="-101.691920">
        <ele>633.52</ele>
        <time>2026-09-23T22:19:00Z</time>
      </trkpt>
      <trkpt lat="51.639143" lon="-101.691878">
        <ele>642.08</ele>
        <time>2026-09-23T22:29:00Z</time>
      </trkpt>
      <trkpt lat="51.639131" lon="-101.691963">
        <ele>627.11</ele>
        <time>2026-09-24T02:29:00Z</time>
      </trkpt>
      <trkpt lat="51.639208" lon="-101.691878">
        <ele>633.52</ele>
        <time>2026-09-24T06:29:00Z</time>
      </trkpt>
      <trkpt lat="51.639208" lon="-101.691835">
        <ele>635.66</ele>
        <time>2026-09-24T10:29:00Z</time>
      </trkpt>
      <trkpt lat="51.639121" lon="-101.691963">
        <ele>631.39</ele>
        <time>2026-09-24T14:29:00Z</time>
      </trkpt>
      <trkpt lat="51.633756" lon="-101.648426">
        <ele>612.17</ele>
        <time>2026-09-24T14:39:00Z</time>
      </trkpt>
      <trkpt lat="51.603845" lon="-101.503586">
        <ele>644.22</ele>
        <time>2026-09-24T14:49:00Z</time>
      </trkpt>
      <trkpt lat="51.461806" lon="-101.452753">
        <ele>599.37</ele>
        <time>2026-09-24T14:59:00Z</time>
      </trkpt>
      <trkpt lat="51.366878" lon="-101.353255">
        <ele>603.64</ele>
        <time>2026-09-24T15:09:00Z</time>
      </trkpt>
      <trkpt lat="51.228948" lon="-101.349156">
        <ele>556.86</ele>
        <time>2026-09-24T15:19:00Z</time>
      </trkpt>
      <trkpt lat="51.228131" lon="-101.293710">
        <ele>569.60</ele>
        <time>2026-09-24T15:29:00Z</time>
      </trkpt>
      <trkpt lat="51.196246" lon="-101.078038">
        <ele>561.11</ele>
        <time>2026-09-24T15:39:00Z</time>
      </trkpt>
      <trkpt lat="51.184776" lon="-100.853505">
        <ele>434.61</ele>
        <time>2026-09-24T15:49:00Z</time>
      </trkpt>
      <trkpt lat="51.156056" lon="-100.629380">
        <ele>417.86</ele>
        <time>2026-09-24T15:59:00Z</time>
      </trkpt>
      <trkpt lat="51.154951" lon="-100.406713">
        <ele>369.85</ele>
        <time>2026-09-24T16:09:00Z</time>
      </trkpt>
      <trkpt lat="51.155123" lon="-100.174498">
        <ele>330.34</ele>
        <time>2026-09-24T16:19:00Z</time>
      </trkpt>
      <trkpt lat="51.072488" lon="-100.063240">
        <ele>313.75</ele>
        <time>2026-09-24T16:29:00Z</time>
      </trkpt>
      <trkpt lat="50.960050" lon="-100.053285">
        <ele>571.72</ele>
        <time>2026-09-24T16:39:00Z</time>
      </trkpt>
      <trkpt lat="50.872911" lon="-100.050451">
        <ele>646.36</ele>
        <time>2026-09-24T16:49:00Z</time>
      </trkpt>
      <trkpt lat="50.863223" lon="-100.039186">
        <ele>678.54</ele>
        <time>2026-09-24T16:59:00Z</time>
      </trkpt>
      <trkpt lat="50.862998" lon="-100.039186">
        <ele>652.79</ele>
        <time>2026-09-24T17:09:00Z</time>
      </trkpt>
      <trkpt lat="50.863941" lon="-100.039551">
        <ele>674.24</ele>
        <time>2026-09-24T19:49:00Z</time>
      </trkpt>
      <trkpt lat="50.752683" lon="-99.998051">
        <ele>689.29</ele>
        <time>2026-09-24T19:59:00Z</time>
      </trkpt>
      <trkpt lat="50.670576" lon="-99.920311">
        <ele>620.70</ele>
        <time>2026-09-24T20:09:00Z</time>
      </trkpt>
      <trkpt lat="50.575605" lon="-99.957776">
        <ele>622.84</ele>
        <time>2026-09-24T20:19:00Z</time>
      </trkpt>
      <trkpt lat="50.457545" lon="-99.907480">
        <ele>637.80</ele>
        <time>2026-09-24T20:29:00Z</time>
      </trkpt>
      <trkpt lat="50.305645" lon="-99.907371">
        <ele>595.12</ele>
        <time>2026-09-24T20:39:00Z</time>
      </trkpt>
      <trkpt lat="50.225780" lon="-99.791521">
        <ele>556.86</ele>
        <time>2026-09-24T20:49:00Z</time>
      </trkpt>
      <trkpt lat="50.225780" lon="-99.545488">
        <ele>399.05</ele>
        <time>2026-09-24T20:59:00Z</time>
      </trkpt>
      <trkpt lat="50.225296" lon="-99.356296">
        <ele>351.12</ele>
        <time>2026-09-24T21:09:00Z</time>
      </trkpt>
      <trkpt lat="50.225736" lon="-99.118738">
        <ele>297.18</ele>
        <time>2026-09-24T21:19:00Z</time>
      </trkpt>
      <trkpt lat="50.211125" lon="-98.902831">
        <ele>266.17</ele>
        <time>2026-09-24T21:29:00Z</time>
      </trkpt>
      <trkpt lat="50.155506" lon="-98.670916">
        <ele>264.10</ele>
        <time>2026-09-24T21:39:00Z</time>
      </trkpt>
      <trkpt lat="50.065856" lon="-98.482733">
        <ele>249.66</ele>
        <time>2026-09-24T21:49:00Z</time>
      </trkpt>
      <trkpt lat="49.974853" lon="-98.405356">
        <ele>259.98</ele>
        <time>2026-09-24T21:59:00Z</time>
      </trkpt>
      <trkpt lat="49.959490" lon="-98.321843">
        <ele>259.98</ele>
        <time>2026-09-24T22:09:00Z</time>
      </trkpt>
      <trkpt lat="49.959490" lon="-98.321778">
        <ele>266.17</ele>
        <time>2026-09-24T22:19:00Z</time>
      </trkpt>
      <trkpt lat="49.959446" lon="-98.321800">
        <ele>253.79</ele>
        <time>2026-09-25T02:19:00Z</time>
      </trkpt>
      <trkpt lat="49.972708" lon="-98.295021">
        <ele>249.66</ele>
        <time>2026-09-25T04:29:00Z</time>
      </trkpt>
      <trkpt lat="49.971001" lon="-98.296545">
        <ele>255.85</ele>
        <time>2026-09-25T04:39:00Z</time>
      </trkpt>
      <trkpt lat="49.959521" lon="-98.321865">
        <ele>245.54</ele>
        <time>2026-09-25T04:49:00Z</time>
      </trkpt>
      <trkpt lat="49.959511" lon="-98.321821">
        <ele>272.36</ele>
        <time>2026-09-25T04:59:00Z</time>
      </trkpt>
      <trkpt lat="49.959480" lon="-98.321821">
        <ele>262.04</ele>
        <time>2026-09-25T08:59:00Z</time>
      </trkpt>
      <trkpt lat="49.959490" lon="-98.321843">
        <ele>259.98</ele>
        <time>2026-09-25T12:59:00Z</time>
      </trkpt>
      <trkpt lat="49.966700" lon="-98.318238">
        <ele>251.72</ele>
        <time>2026-09-25T14:49:00Z</time>
      </trkpt>
      <trkpt lat="49.973255" lon="-98.291158">
        <ele>257.91</ele>
        <time>2026-09-25T14:59:00Z</time>
      </trkpt>
      <trkpt lat="49.969908" lon="-98.100721">
        <ele>245.54</ele>
        <time>2026-09-25T15:09:00Z</time>
      </trkpt>
      <trkpt lat="49.926445" lon="-97.864858">
        <ele>237.30</ele>
        <time>2026-09-25T15:19:00Z</time>
      </trkpt>
      <trkpt lat="49.886598" lon="-97.637858">
        <ele>222.88</ele>
        <time>2026-09-25T15:29:00Z</time>
      </trkpt>
      <trkpt lat="49.875870" lon="-97.406351">
        <ele>224.94</ele>
        <time>2026-09-25T15:39:00Z</time>
      </trkpt>
      <trkpt lat="49.874958" lon="-97.398005">
        <ele>229.06</ele>
        <time>2026-09-25T15:49:00Z</time>
      </trkpt>
      <trkpt lat="49.874936" lon="-97.398133">
        <ele>237.30</ele>
        <time>2026-09-25T15:59:00Z</time>
      </trkpt>
      <trkpt lat="49.875913" lon="-97.367791">
        <ele>243.48</ele>
        <time>2026-09-25T17:39:00Z</time>
      </trkpt>
      <trkpt lat="49.880826" lon="-97.330563">
        <ele>237.30</ele>
        <time>2026-09-25T17:49:00Z</time>
      </trkpt>
      <trkpt lat="49.880815" lon="-97.330585">
        <ele>231.12</ele>
        <time>2026-09-25T17:59:00Z</time>
      </trkpt>
      <trkpt lat="49.898508" lon="-97.321701">
        <ele>243.48</ele>
        <time>2026-09-25T18:09:00Z</time>
      </trkpt>
      <trkpt lat="49.989831" lon="-97.194500">
        <ele>231.12</ele>
        <time>2026-09-25T18:19:00Z</time>
      </trkpt>
      <trkpt lat="49.953933" lon="-97.026378">
        <ele>227.00</ele>
        <time>2026-09-25T18:29:00Z</time>
      </trkpt>
      <trkpt lat="50.009648" lon="-96.953058">
        <ele>222.88</ele>
        <time>2026-09-25T18:39:00Z</time>
      </trkpt>
      <trkpt lat="50.076863" lon="-96.804421">
        <ele>233.18</ele>
        <time>2026-09-25T18:49:00Z</time>
      </trkpt>
      <trkpt lat="50.076628" lon="-96.575725">
        <ele>241.42</ele>
        <time>2026-09-25T18:59:00Z</time>
      </trkpt>
      <trkpt lat="50.061285" lon="-96.375503">
        <ele>243.48</ele>
        <time>2026-09-25T19:09:00Z</time>
      </trkpt>
      <trkpt lat="50.061231" lon="-96.136851">
        <ele>286.83</ele>
        <time>2026-09-25T19:19:00Z</time>
      </trkpt>
      <trkpt lat="50.105241" lon="-95.990981">
        <ele>268.23</ele>
        <time>2026-09-25T19:29:00Z</time>
      </trkpt>
      <trkpt lat="50.109630" lon="-95.867600">
        <ele>268.23</ele>
        <time>2026-09-25T19:39:00Z</time>
      </trkpt>
      <trkpt lat="50.109596" lon="-95.867600">
        <ele>268.23</ele>
        <time>2026-09-25T19:49:00Z</time>
      </trkpt>
      <trkpt lat="50.128801" lon="-95.817218">
        <ele>268.23</ele>
        <time>2026-09-25T20:09:00Z</time>
      </trkpt>
      <trkpt lat="50.168435" lon="-95.697076">
        <ele>270.30</ele>
        <time>2026-09-25T20:19:00Z</time>
      </trkpt>
      <trkpt lat="50.087238" lon="-95.597320">
        <ele>295.11</ele>
        <time>2026-09-25T20:29:00Z</time>
      </trkpt>
      <trkpt lat="50.038186" lon="-95.496103">
        <ele>301.32</ele>
        <time>2026-09-25T20:39:00Z</time>
      </trkpt>
      <trkpt lat="50.050470" lon="-95.408985">
        <ele>319.97</ele>
        <time>2026-09-25T20:49:00Z</time>
      </trkpt>
      <trkpt lat="50.050245" lon="-95.409693">
        <ele>326.19</ele>
        <time>2026-09-25T20:59:00Z</time>
      </trkpt>
      <trkpt lat="50.050085" lon="-95.409650">
        <ele>338.65</ele>
        <time>2026-09-26T00:59:00Z</time>
      </trkpt>
      <trkpt lat="50.050353" lon="-95.409586">
        <ele>326.19</ele>
        <time>2026-09-26T04:59:00Z</time>
      </trkpt>
      <trkpt lat="50.050148" lon="-95.409415">
        <ele>315.82</ele>
        <time>2026-09-26T08:59:00Z</time>
      </trkpt>
      <trkpt lat="50.050363" lon="-95.409586">
        <ele>322.04</ele>
        <time>2026-09-26T12:59:00Z</time>
      </trkpt>
      <trkpt lat="50.061103" lon="-95.436408">
        <ele>309.60</ele>
        <time>2026-09-26T13:29:00Z</time>
      </trkpt>
      <trkpt lat="50.034581" lon="-95.506961">
        <ele>305.46</ele>
        <time>2026-09-26T13:39:00Z</time>
      </trkpt>
      <trkpt lat="49.977031" lon="-95.504730">
        <ele>319.97</ele>
        <time>2026-09-26T13:49:00Z</time>
      </trkpt>
      <trkpt lat="49.877168" lon="-95.529813">
        <ele>330.34</ele>
        <time>2026-09-26T13:59:00Z</time>
      </trkpt>
      <trkpt lat="49.837953" lon="-95.384610">
        <ele>340.73</ele>
        <time>2026-09-26T14:09:00Z</time>
      </trkpt>
      <trkpt lat="49.815691" lon="-95.250713">
        <ele>313.75</ele>
        <time>2026-09-26T14:19:00Z</time>
      </trkpt>
      <trkpt lat="49.736330" lon="-95.209901">
        <ele>365.68</ele>
        <time>2026-09-26T14:29:00Z</time>
      </trkpt>
      <trkpt lat="49.727146" lon="-94.982385">
        <ele>380.27</ele>
        <time>2026-09-26T14:39:00Z</time>
      </trkpt>
      <trkpt lat="49.715473" lon="-94.766650">
        <ele>349.04</ele>
        <time>2026-09-26T14:49:00Z</time>
      </trkpt>
      <trkpt lat="49.757401" lon="-94.562931">
        <ele>338.65</ele>
        <time>2026-09-26T14:59:00Z</time>
      </trkpt>
      <trkpt lat="49.767916" lon="-94.490511">
        <ele>324.12</ele>
        <time>2026-09-26T15:09:00Z</time>
      </trkpt>
      <trkpt lat="49.760523" lon="-94.475876">
        <ele>326.19</ele>
        <time>2026-09-26T15:19:00Z</time>
      </trkpt>
      <trkpt lat="49.758175" lon="-94.473045">
        <ele>330.34</ele>
        <time>2026-09-26T15:29:00Z</time>
      </trkpt>
      <trkpt lat="49.758110" lon="-94.472980">
        <ele>338.65</ele>
        <time>2026-09-26T15:39:00Z</time>
      </trkpt>
      <trkpt lat="49.759761" lon="-94.470941">
        <ele>334.49</ele>
        <time>2026-09-26T15:49:00Z</time>
      </trkpt>
      <trkpt lat="49.768881" lon="-94.472143">
        <ele>334.49</ele>
        <time>2026-09-26T15:59:00Z</time>
      </trkpt>
      <trkpt lat="49.768775" lon="-94.472121">
        <ele>299.25</ele>
        <time>2026-09-26T16:09:00Z</time>
      </trkpt>
      <trkpt lat="49.749901" lon="-94.404080">
        <ele>376.10</ele>
        <time>2026-09-26T16:19:00Z</time>
      </trkpt>
      <trkpt lat="49.713810" lon="-94.252203">
        <ele>357.36</ele>
        <time>2026-09-26T16:29:00Z</time>
      </trkpt>
      <trkpt lat="49.684575" lon="-94.229650">
        <ele>346.96</ele>
        <time>2026-09-26T16:39:00Z</time>
      </trkpt>
      <trkpt lat="49.684403" lon="-94.228255">
        <ele>344.88</ele>
        <time>2026-09-26T16:49:00Z</time>
      </trkpt>
      <trkpt lat="49.684413" lon="-94.228235">
        <ele>340.73</ele>
        <time>2026-09-26T16:59:00Z</time>
      </trkpt>
      <trkpt lat="49.683190" lon="-94.232203">
        <ele>328.27</ele>
        <time>2026-09-26T17:19:00Z</time>
      </trkpt>
      <trkpt lat="49.638676" lon="-94.075155">
        <ele>330.34</ele>
        <time>2026-09-26T17:29:00Z</time>
      </trkpt>
      <trkpt lat="49.511765" lon="-94.064813">
        <ele>330.34</ele>
        <time>2026-09-26T17:39:00Z</time>
      </trkpt>
      <trkpt lat="49.429110" lon="-94.047646">
        <ele>322.04</ele>
        <time>2026-09-26T17:49:00Z</time>
      </trkpt>
      <trkpt lat="49.423273" lon="-94.058933">
        <ele>332.42</ele>
        <time>2026-09-26T17:59:00Z</time>
      </trkpt>
      <trkpt lat="49.426235" lon="-94.083373">
        <ele>322.04</ele>
        <time>2026-09-26T18:09:00Z</time>
      </trkpt>
      <trkpt lat="49.397341" lon="-94.061230">
        <ele>307.53</ele>
        <time>2026-09-26T18:19:00Z</time>
      </trkpt>
      <trkpt lat="49.306501" lon="-94.011190">
        <ele>359.44</ele>
        <time>2026-09-26T18:29:00Z</time>
      </trkpt>
      <trkpt lat="49.207903" lon="-93.963425">
        <ele>361.52</ele>
        <time>2026-09-26T18:39:00Z</time>
      </trkpt>
      <trkpt lat="49.100658" lon="-93.919180">
        <ele>380.27</ele>
        <time>2026-09-26T18:49:00Z</time>
      </trkpt>
      <trkpt lat="49.054480" lon="-93.911175">
        <ele>355.28</ele>
        <time>2026-09-26T18:59:00Z</time>
      </trkpt>
      <trkpt lat="49.054470" lon="-93.911090">
        <ele>357.36</ele>
        <time>2026-09-26T19:09:00Z</time>
      </trkpt>
      <trkpt lat="49.054470" lon="-93.911411">
        <ele>361.52</ele>
        <time>2026-09-26T23:09:00Z</time>
      </trkpt>
      <trkpt lat="49.054448" lon="-93.911218">
        <ele>311.68</ele>
        <time>2026-09-27T03:09:00Z</time>
      </trkpt>
      <trkpt lat="49.054320" lon="-93.911305">
        <ele>353.20</ele>
        <time>2026-09-27T07:09:00Z</time>
      </trkpt>
      <trkpt lat="49.054308" lon="-93.911240">
        <ele>299.25</ele>
        <time>2026-09-27T11:09:00Z</time>
      </trkpt>
      <trkpt lat="49.054438" lon="-93.910918">
        <ele>307.53</ele>
        <time>2026-09-27T15:09:00Z</time>
      </trkpt>
      <trkpt lat="49.065981" lon="-93.901133">
        <ele>349.04</ele>
        <time>2026-09-27T18:09:00Z</time>
      </trkpt>
      <trkpt lat="48.937515" lon="-93.924586">
        <ele>361.52</ele>
        <time>2026-09-27T18:19:00Z</time>
      </trkpt>
      <trkpt lat="48.808973" lon="-93.911883">
        <ele>355.28</ele>
        <time>2026-09-27T18:29:15Z</time>
      </trkpt>
      <trkpt lat="48.766315" lon="-93.829958">
        <ele>359.44</ele>
        <time>2026-09-27T18:39:30Z</time>
      </trkpt>
      <trkpt lat="48.766015" lon="-93.670635">
        <ele>390.70</ele>
        <time>2026-09-27T18:49:45Z</time>
      </trkpt>
      <trkpt lat="48.629028" lon="-93.672351">
        <ele>386.52</ele>
        <time>2026-09-27T18:59:45Z</time>
      </trkpt>
      <trkpt lat="48.604416" lon="-93.466508">
        <ele>388.61</ele>
        <time>2026-09-27T19:09:45Z</time>
      </trkpt>
      <trkpt lat="48.608043" lon="-93.433700">
        <ele>369.85</ele>
        <time>2026-09-27T19:19:45Z</time>
      </trkpt>
      <trkpt lat="48.608140" lon="-93.434065">
        <ele>342.80</ele>
        <time>2026-09-27T19:29:45Z</time>
      </trkpt>
      <trkpt lat="48.608901" lon="-93.417993">
        <ele>324.12</ele>
        <time>2026-09-27T20:19:45Z</time>
      </trkpt>
      <trkpt lat="48.612001" lon="-93.368533">
        <ele>349.04</ele>
        <time>2026-09-27T20:29:45Z</time>
      </trkpt>
      <trkpt lat="48.685451" lon="-93.251095">
        <ele>371.93</ele>
        <time>2026-09-27T20:39:45Z</time>
      </trkpt>
      <trkpt lat="48.718721" lon="-93.059500">
        <ele>351.12</ele>
        <time>2026-09-27T20:49:45Z</time>
      </trkpt>
      <trkpt lat="48.718721" lon="-93.059500">
        <ele>351.12</ele>
        <time>2026-09-27T20:49:45Z</time>
      </trkpt>
      <trkpt lat="48.721951" lon="-92.900991">
        <ele>380.27</ele>
        <time>2026-09-27T20:59:45Z</time>
      </trkpt>
      <trkpt lat="48.721951" lon="-92.900991">
        <ele>380.27</ele>
        <time>2026-09-27T20:59:45Z</time>
      </trkpt>
      <trkpt lat="48.753021" lon="-92.703710">
        <ele>355.28</ele>
        <time>2026-09-27T21:10:00Z</time>
      </trkpt>
      <trkpt lat="48.753021" lon="-92.703710">
        <ele>355.28</ele>
        <time>2026-09-27T21:10:00Z</time>
      </trkpt>
      <trkpt lat="48.745995" lon="-92.508251">
        <ele>392.78</ele>
        <time>2026-09-27T21:20:00Z</time>
      </trkpt>
      <trkpt lat="48.745995" lon="-92.508251">
        <ele>392.78</ele>
        <time>2026-09-27T21:20:00Z</time>
      </trkpt>
      <trkpt lat="48.742228" lon="-92.311763">
        <ele>399.05</ele>
        <time>2026-09-27T21:30:00Z</time>
      </trkpt>
      <trkpt lat="48.737605" lon="-92.121541">
        <ele>384.44</ele>
        <time>2026-09-27T21:40:00Z</time>
      </trkpt>
      <trkpt lat="48.745521" lon="-92.102830">
        <ele>399.05</ele>
        <time>2026-09-27T21:50:00Z</time>
      </trkpt>
      <trkpt lat="48.759416" lon="-92.100598">
        <ele>396.96</ele>
        <time>2026-09-27T22:00:00Z</time>
      </trkpt>
      <trkpt lat="48.759320" lon="-92.100685">
        <ele>388.61</ele>
        <time>2026-09-27T22:10:00Z</time>
      </trkpt>
      <trkpt lat="48.728581" lon="-92.089826">
        <ele>445.09</ele>
        <time>2026-09-27T22:30:00Z</time>
      </trkpt>
      <trkpt lat="48.723550" lon="-91.871666">
        <ele>436.70</ele>
        <time>2026-09-27T22:40:00Z</time>
      </trkpt>
      <trkpt lat="48.728806" lon="-91.658678">
        <ele>413.68</ele>
        <time>2026-09-27T22:50:00Z</time>
      </trkpt>
      <trkpt lat="48.755028" lon="-91.608101">
        <ele>396.96</ele>
        <time>2026-09-27T23:00:00Z</time>
      </trkpt>
      <trkpt lat="48.715653" lon="-91.549523">
        <ele>461.88</ele>
        <time>2026-09-27T23:10:00Z</time>
      </trkpt>
      <trkpt lat="48.734181" lon="-91.336383">
        <ele>445.09</ele>
        <time>2026-09-27T23:20:00Z</time>
      </trkpt>
      <trkpt lat="48.679646" lon="-91.136676">
        <ele>438.80</ele>
        <time>2026-09-27T23:30:00Z</time>
      </trkpt>
      <trkpt lat="48.672910" lon="-91.043936">
        <ele>451.38</ele>
        <time>2026-09-27T23:40:00Z</time>
      </trkpt>
      <trkpt lat="48.670700" lon="-90.928280">
        <ele>482.91</ele>
        <time>2026-09-27T23:50:00Z</time>
      </trkpt>
      <trkpt lat="48.670710" lon="-90.928280">
        <ele>487.12</ele>
        <time>2026-09-28T00:00:00Z</time>
      </trkpt>
      <trkpt lat="48.670743" lon="-90.928258">
        <ele>487.12</ele>
        <time>2026-09-28T04:00:00Z</time>
      </trkpt>
      <trkpt lat="48.670753" lon="-90.928345">
        <ele>489.23</ele>
        <time>2026-09-28T08:00:00Z</time>
      </trkpt>
      <trkpt lat="48.670763" lon="-90.928323">
        <ele>489.23</ele>
        <time>2026-09-28T12:00:00Z</time>
      </trkpt>
      <trkpt lat="48.683070" lon="-90.838630">
        <ele>493.44</ele>
        <time>2026-09-28T14:10:00Z</time>
      </trkpt>
      <trkpt lat="48.672373" lon="-90.778635">
        <ele>489.23</ele>
        <time>2026-09-28T14:20:00Z</time>
      </trkpt>
      <trkpt lat="48.647556" lon="-90.559745">
        <ele>459.78</ele>
        <time>2026-09-28T14:30:00Z</time>
      </trkpt>
      <trkpt lat="48.665528" lon="-90.350210">
        <ele>470.29</ele>
        <time>2026-09-28T14:40:00Z</time>
      </trkpt>
      <trkpt lat="48.626088" lon="-90.162713">
        <ele>455.58</ele>
        <time>2026-09-28T14:50:00Z</time>
      </trkpt>
      <trkpt lat="48.614361" lon="-89.971848">
        <ele>466.09</ele>
        <time>2026-09-28T15:00:00Z</time>
      </trkpt>
      <trkpt lat="48.568980" lon="-89.776625">
        <ele>390.70</ele>
        <time>2026-09-28T15:10:00Z</time>
      </trkpt>
      <trkpt lat="48.531900" lon="-89.627731">
        <ele>334.49</ele>
        <time>2026-09-28T15:20:00Z</time>
      </trkpt>
      <trkpt lat="48.593795" lon="-89.608461">
        <ele>313.75</ele>
        <time>2026-09-28T15:30:00Z</time>
      </trkpt>
      <trkpt lat="48.612721" lon="-89.598226">
        <ele>317.90</ele>
        <time>2026-09-28T15:40:00Z</time>
      </trkpt>
      <trkpt lat="48.612731" lon="-89.598183">
        <ele>303.39</ele>
        <time>2026-09-28T15:50:00Z</time>
      </trkpt>
      <trkpt lat="48.637795" lon="-89.590008">
        <ele>326.19</ele>
        <time>2026-09-28T16:00:00Z</time>
      </trkpt>
      <trkpt lat="48.685848" lon="-89.605780">
        <ele>447.19</ele>
        <time>2026-09-28T16:10:00Z</time>
      </trkpt>
      <trkpt lat="48.691320" lon="-89.603420">
        <ele>411.59</ele>
        <time>2026-09-28T16:20:00Z</time>
      </trkpt>
      <trkpt lat="48.691363" lon="-89.603398">
        <ele>417.86</ele>
        <time>2026-09-28T16:30:00Z</time>
      </trkpt>
      <trkpt lat="48.693873" lon="-89.602625">
        <ele>430.42</ele>
        <time>2026-09-28T17:40:00Z</time>
      </trkpt>
      <trkpt lat="48.683456" lon="-89.601745">
        <ele>478.70</ele>
        <time>2026-09-28T17:50:00Z</time>
      </trkpt>
      <trkpt lat="48.647825" lon="-89.589043">
        <ele>319.97</ele>
        <time>2026-09-28T18:00:00Z</time>
      </trkpt>
      <trkpt lat="48.618621" lon="-89.597131">
        <ele>315.82</ele>
        <time>2026-09-28T18:10:00Z</time>
      </trkpt>
      <trkpt lat="48.535205" lon="-89.592755">
        <ele>322.04</ele>
        <time>2026-09-28T18:20:00Z</time>
      </trkpt>
      <trkpt lat="48.442840" lon="-89.635585">
        <ele>392.78</ele>
        <time>2026-09-28T18:30:00Z</time>
      </trkpt>
      <trkpt lat="48.398123" lon="-89.777011">
        <ele>432.51</ele>
        <time>2026-09-28T18:40:00Z</time>
      </trkpt>
      <trkpt lat="48.284955" lon="-89.834046">
        <ele>357.36</ele>
        <time>2026-09-28T18:50:00Z</time>
      </trkpt>
      <trkpt lat="48.237985" lon="-89.981075">
        <ele>442.99</ele>
        <time>2026-09-28T19:00:00Z</time>
      </trkpt>
      <trkpt lat="48.225550" lon="-90.146276">
        <ele>493.44</ele>
        <time>2026-09-28T19:10:00Z</time>
      </trkpt>
      <trkpt lat="48.190101" lon="-90.249188">
        <ele>480.81</ele>
        <time>2026-09-28T19:20:00Z</time>
      </trkpt>
      <trkpt lat="48.164481" lon="-90.236013">
        <ele>474.50</ele>
        <time>2026-09-28T19:30:00Z</time>
      </trkpt>
      <trkpt lat="48.164501" lon="-90.236035">
        <ele>470.29</ele>
        <time>2026-09-28T19:40:00Z</time>
      </trkpt>
      <trkpt lat="48.165586" lon="-90.233481">
        <ele>457.68</ele>
        <time>2026-09-28T21:50:00Z</time>
      </trkpt>
      <trkpt lat="48.194188" lon="-90.252815">
        <ele>495.55</ele>
        <time>2026-09-28T22:00:00Z</time>
      </trkpt>
      <trkpt lat="48.233166" lon="-90.179536">
        <ele>491.34</ele>
        <time>2026-09-28T22:10:00Z</time>
      </trkpt>
      <trkpt lat="48.233210" lon="-90.179536">
        <ele>489.23</ele>
        <time>2026-09-28T22:20:00Z</time>
      </trkpt>
      <trkpt lat="48.233198" lon="-90.179536">
        <ele>497.66</ele>
        <time>2026-09-29T02:20:00Z</time>
      </trkpt>
      <trkpt lat="48.233156" lon="-90.179536">
        <ele>485.02</ele>
        <time>2026-09-29T06:20:00Z</time>
      </trkpt>
      <trkpt lat="48.233103" lon="-90.179450">
        <ele>501.88</ele>
        <time>2026-09-29T10:20:00Z</time>
      </trkpt>
      <trkpt lat="48.227233" lon="-90.154775">
        <ele>463.98</ele>
        <time>2026-09-29T13:20:00Z</time>
      </trkpt>
      <trkpt lat="48.237695" lon="-89.977126">
        <ele>426.23</ele>
        <time>2026-09-29T13:30:00Z</time>
      </trkpt>
      <trkpt lat="48.288163" lon="-89.826365">
        <ele>326.19</ele>
        <time>2026-09-29T13:40:00Z</time>
      </trkpt>
      <trkpt lat="48.302871" lon="-89.677211">
        <ele>299.25</ele>
        <time>2026-09-29T13:50:00Z</time>
      </trkpt>
      <trkpt lat="48.380526" lon="-89.556363">
        <ele>249.66</ele>
        <time>2026-09-29T14:00:00Z</time>
      </trkpt>
      <trkpt lat="48.381235" lon="-89.441241">
        <ele>227.00</ele>
        <time>2026-09-29T14:10:00Z</time>
      </trkpt>
      <trkpt lat="48.380635" lon="-89.312195">
        <ele>185.90</ele>
        <time>2026-09-29T14:20:00Z</time>
      </trkpt>
      <trkpt lat="48.380838" lon="-89.311551">
        <ele>190.00</ele>
        <time>2026-09-29T14:30:00Z</time>
      </trkpt>
      <trkpt lat="48.381578" lon="-89.308096">
        <ele>192.05</ele>
        <time>2026-09-29T18:10:00Z</time>
      </trkpt>
      <trkpt lat="48.381643" lon="-89.308011">
        <ele>192.05</ele>
        <time>2026-09-29T18:20:00Z</time>
      </trkpt>
      <trkpt lat="48.380860" lon="-89.301381">
        <ele>192.05</ele>
        <time>2026-09-29T18:50:00Z</time>
      </trkpt>
      <trkpt lat="48.443045" lon="-89.264045">
        <ele>255.85</ele>
        <time>2026-09-29T19:00:00Z</time>
      </trkpt>
      <trkpt lat="48.505240" lon="-89.112790">
        <ele>317.90</ele>
        <time>2026-09-29T19:10:00Z</time>
      </trkpt>
      <trkpt lat="48.550171" lon="-88.907675">
        <ele>239.36</ele>
        <time>2026-09-29T19:20:00Z</time>
      </trkpt>
      <trkpt lat="48.579386" lon="-88.749340">
        <ele>239.36</ele>
        <time>2026-09-29T19:30:00Z</time>
      </trkpt>
      <trkpt lat="48.482708" lon="-88.709235">
        <ele>206.43</ele>
        <time>2026-09-29T19:40:00Z</time>
      </trkpt>
      <trkpt lat="48.398981" lon="-88.779165">
        <ele>245.54</ele>
        <time>2026-09-29T19:50:00Z</time>
      </trkpt>
      <trkpt lat="48.340916" lon="-88.821738">
        <ele>233.18</ele>
        <time>2026-09-29T20:00:00Z</time>
      </trkpt>
      <trkpt lat="48.340916" lon="-88.821780">
        <ele>222.88</ele>
        <time>2026-09-29T20:10:00Z</time>
      </trkpt>
      <trkpt lat="48.343233" lon="-88.797511">
        <ele>194.11</ele>
        <time>2026-09-29T20:20:00Z</time>
      </trkpt>
      <trkpt lat="48.365711" lon="-88.804271">
        <ele>268.23</ele>
        <time>2026-09-29T20:30:00Z</time>
      </trkpt>
      <trkpt lat="48.366430" lon="-88.803070">
        <ele>257.91</ele>
        <time>2026-09-29T20:40:00Z</time>
      </trkpt>
      <trkpt lat="48.361526" lon="-88.799808">
        <ele>251.72</ele>
        <time>2026-09-29T20:50:00Z</time>
      </trkpt>
      <trkpt lat="48.438925" lon="-88.748631">
        <ele>235.24</ele>
        <time>2026-09-29T21:00:00Z</time>
      </trkpt>
      <trkpt lat="48.533328" lon="-88.718633">
        <ele>255.85</ele>
        <time>2026-09-29T21:10:00Z</time>
      </trkpt>
      <trkpt lat="48.622108" lon="-88.761806">
        <ele>330.34</ele>
        <time>2026-09-29T21:20:00Z</time>
      </trkpt>
      <trkpt lat="48.709205" lon="-88.625636">
        <ele>255.85</ele>
        <time>2026-09-29T21:30:00Z</time>
      </trkpt>
      <trkpt lat="48.766025" lon="-88.638231">
        <ele>257.91</ele>
        <time>2026-09-29T21:40:00Z</time>
      </trkpt>
      <trkpt lat="48.789156" lon="-88.672220">
        <ele>426.23</ele>
        <time>2026-09-29T21:50:00Z</time>
      </trkpt>
      <trkpt lat="48.766218" lon="-88.661105">
        <ele>266.17</ele>
        <time>2026-09-29T22:00:00Z</time>
      </trkpt>
      <trkpt lat="48.812578" lon="-88.538625">
        <ele>212.60</ele>
        <time>2026-09-29T22:10:00Z</time>
      </trkpt>
      <trkpt lat="48.885276" lon="-88.555340">
        <ele>276.50</ele>
        <time>2026-09-29T22:20:00Z</time>
      </trkpt>
      <trkpt lat="48.866736" lon="-88.533025">
        <ele>259.98</ele>
        <time>2026-09-29T22:30:00Z</time>
      </trkpt>
      <trkpt lat="48.866876" lon="-88.496911">
        <ele>239.36</ele>
        <time>2026-09-29T22:40:00Z</time>
      </trkpt>
      <trkpt lat="48.921625" lon="-88.373230">
        <ele>224.94</ele>
        <time>2026-09-29T22:50:00Z</time>
      </trkpt>
      <trkpt lat="48.921411" lon="-88.373358">
        <ele>222.88</ele>
        <time>2026-09-29T23:00:00Z</time>
      </trkpt>
      <trkpt lat="48.921443" lon="-88.373380">
        <ele>216.71</ele>
        <time>2026-09-30T03:00:00Z</time>
      </trkpt>
      <trkpt lat="48.921378" lon="-88.373401">
        <ele>224.94</ele>
        <time>2026-09-30T07:00:00Z</time>
      </trkpt>
      <trkpt lat="48.921411" lon="-88.373336">
        <ele>216.71</ele>
        <time>2026-09-30T11:00:00Z</time>
      </trkpt>
      <trkpt lat="48.919620" lon="-88.371255">
        <ele>220.83</ele>
        <time>2026-09-30T11:50:00Z</time>
      </trkpt>
      <trkpt lat="48.980226" lon="-88.334991">
        <ele>249.66</ele>
        <time>2026-09-30T12:00:00Z</time>
      </trkpt>
      <trkpt lat="49.021221" lon="-88.288880">
        <ele>257.91</ele>
        <time>2026-09-30T12:10:00Z</time>
      </trkpt>
      <trkpt lat="49.018593" lon="-88.274566">
        <ele>257.91</ele>
        <time>2026-09-30T12:20:00Z</time>
      </trkpt>
      <trkpt lat="49.014826" lon="-88.207941">
        <ele>239.36</ele>
        <time>2026-09-30T12:30:00Z</time>
      </trkpt>
      <trkpt lat="49.011801" lon="-88.019156">
        <ele>200.27</ele>
        <time>2026-09-30T12:40:00Z</time>
      </trkpt>
      <trkpt lat="48.943888" lon="-87.941673">
        <ele>229.06</ele>
        <time>2026-09-30T12:50:00Z</time>
      </trkpt>
      <trkpt lat="48.916358" lon="-87.762758">
        <ele>206.43</ele>
        <time>2026-09-30T13:00:00Z</time>
      </trkpt>
      <trkpt lat="48.916380" lon="-87.762758">
        <ele>208.49</ele>
        <time>2026-09-30T13:10:00Z</time>
      </trkpt>
      <trkpt lat="48.906165" lon="-87.711990">
        <ele>190.00</ele>
        <time>2026-09-30T13:50:00Z</time>
      </trkpt>
      <trkpt lat="48.868228" lon="-87.531788">
        <ele>259.98</ele>
        <time>2026-09-30T14:00:00Z</time>
      </trkpt>
      <trkpt lat="48.838616" lon="-87.444585">
        <ele>208.49</ele>
        <time>2026-09-30T14:10:00Z</time>
      </trkpt>
      <trkpt lat="48.843873" lon="-87.395703">
        <ele>340.73</ele>
        <time>2026-09-30T14:20:00Z</time>
      </trkpt>
      <trkpt lat="48.844001" lon="-87.396025">
        <ele>309.60</ele>
        <time>2026-09-30T14:30:00Z</time>
      </trkpt>
      <trkpt lat="48.834786" lon="-87.394373">
        <ele>280.63</ele>
        <time>2026-09-30T15:50:00Z</time>
      </trkpt>
      <trkpt lat="48.837340" lon="-87.367808">
        <ele>293.04</ele>
        <time>2026-09-30T16:00:00Z</time>
      </trkpt>
      <trkpt lat="48.837361" lon="-87.367745">
        <ele>290.97</ele>
        <time>2026-09-30T16:10:00Z</time>
      </trkpt>
      <trkpt lat="48.848090" lon="-87.354205">
        <ele>307.53</ele>
        <time>2026-09-30T16:30:00Z</time>
      </trkpt>
      <trkpt lat="48.848155" lon="-87.354226">
        <ele>313.75</ele>
        <time>2026-09-30T16:40:00Z</time>
      </trkpt>
      <trkpt lat="48.848101" lon="-87.354290">
        <ele>311.68</ele>
        <time>2026-09-30T20:40:00Z</time>
      </trkpt>
      <trkpt lat="48.848090" lon="-87.354290">
        <ele>311.68</ele>
        <time>2026-10-01T00:40:00Z</time>
      </trkpt>
      <trkpt lat="48.848133" lon="-87.354248">
        <ele>299.25</ele>
        <time>2026-10-01T04:40:00Z</time>
      </trkpt>
      <trkpt lat="48.848121" lon="-87.354268">
        <ele>307.53</ele>
        <time>2026-10-01T08:40:00Z</time>
      </trkpt>
      <trkpt lat="48.848090" lon="-87.354290">
        <ele>315.82</ele>
        <time>2026-10-01T12:40:00Z</time>
      </trkpt>
      <trkpt lat="48.841073" lon="-87.364655">
        <ele>307.53</ele>
        <time>2026-10-01T12:50:00Z</time>
      </trkpt>
      <trkpt lat="48.798415" lon="-87.252366">
        <ele>319.97</ele>
        <time>2026-10-01T13:00:00Z</time>
      </trkpt>
      <trkpt lat="48.785755" lon="-87.121175">
        <ele>264.10</ele>
        <time>2026-10-01T13:10:00Z</time>
      </trkpt>
      <trkpt lat="48.842425" lon="-87.039678">
        <ele>243.48</ele>
        <time>2026-10-01T13:20:00Z</time>
      </trkpt>
      <trkpt lat="48.778031" lon="-86.906983">
        <ele>286.83</ele>
        <time>2026-10-01T13:30:00Z</time>
      </trkpt>
      <trkpt lat="48.813468" lon="-86.717405">
        <ele>227.00</ele>
        <time>2026-10-01T13:40:00Z</time>
      </trkpt>
      <trkpt lat="48.785080" lon="-86.598636">
        <ele>233.18</ele>
        <time>2026-10-01T13:50:00Z</time>
      </trkpt>
      <trkpt lat="48.779780" lon="-86.614536">
        <ele>208.49</ele>
        <time>2026-10-01T14:00:00Z</time>
      </trkpt>
      <trkpt lat="48.779876" lon="-86.614558">
        <ele>171.54</ele>
        <time>2026-10-01T14:10:00Z</time>
      </trkpt>
      <trkpt lat="48.784328" lon="-86.621490">
        <ele>175.64</ele>
        <time>2026-10-01T14:50:00Z</time>
      </trkpt>
      <trkpt lat="48.785476" lon="-86.622218">
        <ele>224.94</ele>
        <time>2026-10-01T15:00:00Z</time>
      </trkpt>
      <trkpt lat="48.785143" lon="-86.622068">
        <ele>190.00</ele>
        <time>2026-10-01T15:10:00Z</time>
      </trkpt>
      <trkpt lat="48.789833" lon="-86.628485">
        <ele>190.00</ele>
        <time>2026-10-01T15:30:00Z</time>
      </trkpt>
      <trkpt lat="48.793373" lon="-86.623721">
        <ele>208.49</ele>
        <time>2026-10-01T15:40:00Z</time>
      </trkpt>
      <trkpt lat="48.778706" lon="-86.576385">
        <ele>280.63</ele>
        <time>2026-10-01T15:50:00Z</time>
      </trkpt>
      <trkpt lat="48.772891" lon="-86.395561">
        <ele>255.85</ele>
        <time>2026-10-01T16:00:00Z</time>
      </trkpt>
      <trkpt lat="48.718368" lon="-86.378416">
        <ele>231.12</ele>
        <time>2026-10-01T16:10:00Z</time>
      </trkpt>
      <trkpt lat="48.718378" lon="-86.378373">
        <ele>214.66</ele>
        <time>2026-10-01T16:20:00Z</time>
      </trkpt>
      <trkpt lat="48.717176" lon="-86.379040">
        <ele>218.77</ele>
        <time>2026-10-01T16:40:00Z</time>
      </trkpt>
      <trkpt lat="48.717198" lon="-86.379040">
        <ele>222.88</ele>
        <time>2026-10-01T16:50:00Z</time>
      </trkpt>
      <trkpt lat="48.713315" lon="-86.381421">
        <ele>214.66</ele>
        <time>2026-10-01T17:10:00Z</time>
      </trkpt>
      <trkpt lat="48.720953" lon="-86.373953">
        <ele>212.60</ele>
        <time>2026-10-01T17:20:00Z</time>
      </trkpt>
      <trkpt lat="48.721006" lon="-86.373953">
        <ele>214.66</ele>
        <time>2026-10-01T17:30:00Z</time>
      </trkpt>
      <trkpt lat="48.729010" lon="-86.376206">
        <ele>224.94</ele>
        <time>2026-10-01T17:50:00Z</time>
      </trkpt>
      <trkpt lat="48.665861" lon="-86.282886">
        <ele>227.00</ele>
        <time>2026-10-01T18:00:00Z</time>
      </trkpt>
      <trkpt lat="48.605650" lon="-86.286041">
        <ele>198.21</ele>
        <time>2026-10-01T18:10:00Z</time>
      </trkpt>
      <trkpt lat="48.592325" lon="-86.292115">
        <ele>204.38</ele>
        <time>2026-10-01T18:20:00Z</time>
      </trkpt>
      <trkpt lat="48.602335" lon="-86.288660">
        <ele>192.05</ele>
        <time>2026-10-01T18:30:00Z</time>
      </trkpt>
      <trkpt lat="48.706910" lon="-86.268875">
        <ele>231.12</ele>
        <time>2026-10-01T18:40:00Z</time>
      </trkpt>
      <trkpt lat="48.691353" lon="-86.214223">
        <ele>241.42</ele>
        <time>2026-10-01T18:50:00Z</time>
      </trkpt>
      <trkpt lat="48.693551" lon="-86.215981">
        <ele>272.36</ele>
        <time>2026-10-01T19:00:00Z</time>
      </trkpt>
      <trkpt lat="48.693660" lon="-86.216046">
        <ele>255.85</ele>
        <time>2026-10-01T19:10:00Z</time>
      </trkpt>
      <trkpt lat="48.693423" lon="-86.216090">
        <ele>249.66</ele>
        <time>2026-10-01T23:10:00Z</time>
      </trkpt>
      <trkpt lat="48.693445" lon="-86.216068">
        <ele>245.54</ele>
        <time>2026-10-02T03:10:00Z</time>
      </trkpt>
      <trkpt lat="48.693508" lon="-86.216046">
        <ele>253.79</ele>
        <time>2026-10-02T07:10:00Z</time>
      </trkpt>
      <trkpt lat="48.693445" lon="-86.216025">
        <ele>249.66</ele>
        <time>2026-10-02T11:10:00Z</time>
      </trkpt>
      <trkpt lat="48.681675" lon="-86.139271">
        <ele>282.70</ele>
        <time>2026-10-02T13:10:00Z</time>
      </trkpt>
      <trkpt lat="48.691481" lon="-85.910983">
        <ele>301.32</ele>
        <time>2026-10-02T13:20:00Z</time>
      </trkpt>
      <trkpt lat="48.720331" lon="-85.695591">
        <ele>326.19</ele>
        <time>2026-10-02T13:30:00Z</time>
      </trkpt>
      <trkpt lat="48.704613" lon="-85.551416">
        <ele>334.49</ele>
        <time>2026-10-02T13:40:00Z</time>
      </trkpt>
      <trkpt lat="48.631625" lon="-85.353598">
        <ele>365.68</ele>
        <time>2026-10-02T13:50:00Z</time>
      </trkpt>
      <trkpt lat="48.592755" lon="-85.274785">
        <ele>401.14</ele>
        <time>2026-10-02T14:00:00Z</time>
      </trkpt>
      <trkpt lat="48.592421" lon="-85.274698">
        <ele>374.02</ele>
        <time>2026-10-02T14:10:00Z</time>
      </trkpt>
      <trkpt lat="48.606530" lon="-85.264528">
        <ele>380.27</ele>
        <time>2026-10-02T14:50:00Z</time>
      </trkpt>
      <trkpt lat="48.606198" lon="-85.253305">
        <ele>380.27</ele>
        <time>2026-10-02T15:00:00Z</time>
      </trkpt>
      <trkpt lat="48.612185" lon="-85.047805">
        <ele>415.77</ele>
        <time>2026-10-02T15:10:00Z</time>
      </trkpt>
      <trkpt lat="48.713508" lon="-84.921635">
        <ele>426.23</ele>
        <time>2026-10-02T15:20:00Z</time>
      </trkpt>
      <trkpt lat="48.823006" lon="-84.839043">
        <ele>417.86</ele>
        <time>2026-10-02T15:30:00Z</time>
      </trkpt>
      <trkpt lat="48.961075" lon="-84.763383">
        <ele>342.80</ele>
        <time>2026-10-02T15:40:00Z</time>
      </trkpt>
      <trkpt lat="49.076990" lon="-84.764886">
        <ele>355.28</ele>
        <time>2026-10-02T15:50:00Z</time>
      </trkpt>
      <trkpt lat="49.168721" lon="-84.783081">
        <ele>363.60</ele>
        <time>2026-10-02T16:00:00Z</time>
      </trkpt>
      <trkpt lat="49.213171" lon="-84.774348">
        <ele>326.19</ele>
        <time>2026-10-02T16:10:00Z</time>
      </trkpt>
      <trkpt lat="49.213150" lon="-84.774326">
        <ele>332.42</ele>
        <time>2026-10-02T16:20:00Z</time>
      </trkpt>
      <trkpt lat="49.331500" lon="-84.753620">
        <ele>342.80</ele>
        <time>2026-10-02T16:30:00Z</time>
      </trkpt>
      <trkpt lat="49.454451" lon="-84.702271">
        <ele>286.83</ele>
        <time>2026-10-02T16:40:00Z</time>
      </trkpt>
      <trkpt lat="49.499383" lon="-84.698410">
        <ele>334.49</ele>
        <time>2026-10-02T16:50:00Z</time>
      </trkpt>
      <trkpt lat="49.606115" lon="-84.583826">
        <ele>346.96</ele>
        <time>2026-10-02T17:00:00Z</time>
      </trkpt>
      <trkpt lat="49.731470" lon="-84.522243">
        <ele>251.72</ele>
        <time>2026-10-02T17:10:00Z</time>
      </trkpt>
      <trkpt lat="49.744645" lon="-84.351546">
        <ele>276.50</ele>
        <time>2026-10-02T17:20:00Z</time>
      </trkpt>
      <trkpt lat="49.744430" lon="-84.125576">
        <ele>253.79</ele>
        <time>2026-10-02T17:30:00Z</time>
      </trkpt>
      <trkpt lat="49.728316" lon="-83.897673">
        <ele>243.48</ele>
        <time>2026-10-02T17:40:00Z</time>
      </trkpt>
      <trkpt lat="49.691270" lon="-83.682990">
        <ele>247.60</ele>
        <time>2026-10-02T17:50:00Z</time>
      </trkpt>
      <trkpt lat="49.690240" lon="-83.683268">
        <ele>262.04</ele>
        <time>2026-10-02T18:00:00Z</time>
      </trkpt>
      <trkpt lat="49.690240" lon="-83.683248">
        <ele>253.79</ele>
        <time>2026-10-02T18:10:00Z</time>
      </trkpt>
      <trkpt lat="49.681323" lon="-83.612351">
        <ele>220.83</ele>
        <time>2026-10-02T18:40:00Z</time>
      </trkpt>
      <trkpt lat="49.640190" lon="-83.392625">
        <ele>247.60</ele>
        <time>2026-10-02T18:50:00Z</time>
      </trkpt>
      <trkpt lat="49.598218" lon="-83.196180">
        <ele>237.30</ele>
        <time>2026-10-02T19:00:00Z</time>
      </trkpt>
      <trkpt lat="49.550431" lon="-82.989220">
        <ele>272.36</ele>
        <time>2026-10-02T19:10:00Z</time>
      </trkpt>
      <trkpt lat="49.524908" lon="-82.841656">
        <ele>229.06</ele>
        <time>2026-10-02T19:20:00Z</time>
      </trkpt>
      <trkpt lat="49.524918" lon="-82.841635">
        <ele>233.18</ele>
        <time>2026-10-02T19:30:00Z</time>
      </trkpt>
      <trkpt lat="49.504501" lon="-82.748980">
        <ele>259.98</ele>
        <time>2026-10-02T22:00:00Z</time>
      </trkpt>
      <trkpt lat="49.460126" lon="-82.561998">
        <ele>233.18</ele>
        <time>2026-10-02T22:10:00Z</time>
      </trkpt>
      <trkpt lat="49.554551" lon="-82.556676">
        <ele>227.00</ele>
        <time>2026-10-02T22:20:00Z</time>
      </trkpt>
      <trkpt lat="49.567146" lon="-82.580710">
        <ele>278.56</ele>
        <time>2026-10-02T22:30:00Z</time>
      </trkpt>
      <trkpt lat="49.567105" lon="-82.580773">
        <ele>270.30</ele>
        <time>2026-10-02T22:40:00Z</time>
      </trkpt>
      <trkpt lat="49.341970" lon="-82.123360">
        <ele>237.30</ele>
        <time>2026-10-03T14:20:00Z</time>
      </trkpt>
      <trkpt lat="49.313731" lon="-82.040148">
        <ele>216.71</ele>
        <time>2026-10-03T14:30:00Z</time>
      </trkpt>
      <trkpt lat="49.313721" lon="-82.040105">
        <ele>220.83</ele>
        <time>2026-10-03T14:40:00Z</time>
      </trkpt>
      <trkpt lat="49.288466" lon="-81.905651">
        <ele>235.24</ele>
        <time>2026-10-03T15:50:00Z</time>
      </trkpt>
      <trkpt lat="49.275923" lon="-81.680388">
        <ele>233.18</ele>
        <time>2026-10-03T16:00:00Z</time>
      </trkpt>
      <trkpt lat="49.271975" lon="-81.616058">
        <ele>237.30</ele>
        <time>2026-10-03T16:10:00Z</time>
      </trkpt>
      <trkpt lat="49.188881" lon="-81.433260">
        <ele>255.85</ele>
        <time>2026-10-03T16:20:00Z</time>
      </trkpt>
      <trkpt lat="49.167326" lon="-81.303291">
        <ele>280.63</ele>
        <time>2026-10-03T16:30:00Z</time>
      </trkpt>
      <trkpt lat="49.186210" lon="-81.267650">
        <ele>266.17</ele>
        <time>2026-10-03T16:40:00Z</time>
      </trkpt>
      <trkpt lat="49.186273" lon="-81.267693">
        <ele>272.36</ele>
        <time>2026-10-03T16:50:00Z</time>
      </trkpt>
      <trkpt lat="49.185105" lon="-81.269925">
        <ele>266.17</ele>
        <time>2026-10-03T17:00:00Z</time>
      </trkpt>
      <trkpt lat="49.188785" lon="-81.279473">
        <ele>274.43</ele>
        <time>2026-10-03T17:10:00Z</time>
      </trkpt>
      <trkpt lat="49.188785" lon="-81.279538">
        <ele>272.36</ele>
        <time>2026-10-03T17:20:00Z</time>
      </trkpt>
      <trkpt lat="49.188730" lon="-81.279538">
        <ele>270.30</ele>
        <time>2026-10-03T21:20:00Z</time>
      </trkpt>
      <trkpt lat="49.188795" lon="-81.279538">
        <ele>270.30</ele>
        <time>2026-10-04T01:20:00Z</time>
      </trkpt>
      <trkpt lat="49.188751" lon="-81.279366">
        <ele>284.76</ele>
        <time>2026-10-04T05:20:00Z</time>
      </trkpt>
      <trkpt lat="49.188838" lon="-81.279516">
        <ele>257.91</ele>
        <time>2026-10-04T09:20:00Z</time>
      </trkpt>
      <trkpt lat="49.187980" lon="-81.282606">
        <ele>276.50</ele>
        <time>2026-10-04T12:00:00Z</time>
      </trkpt>
      <trkpt lat="49.153508" lon="-81.272263">
        <ele>274.43</ele>
        <time>2026-10-04T12:10:00Z</time>
      </trkpt>
      <trkpt lat="49.118875" lon="-81.387383">
        <ele>280.63</ele>
        <time>2026-10-04T12:20:00Z</time>
      </trkpt>
      <trkpt lat="48.978478" lon="-81.395666">
        <ele>272.36</ele>
        <time>2026-10-04T12:30:00Z</time>
      </trkpt>
      <trkpt lat="48.840011" lon="-81.373565">
        <ele>282.70</ele>
        <time>2026-10-04T12:40:00Z</time>
      </trkpt>
      <trkpt lat="48.702113" lon="-81.344533">
        <ele>301.32</ele>
        <time>2026-10-04T12:50:00Z</time>
      </trkpt>
      <trkpt lat="48.581681" lon="-81.281168">
        <ele>303.39</ele>
        <time>2026-10-04T13:00:00Z</time>
      </trkpt>
      <trkpt lat="48.508630" lon="-81.356913">
        <ele>284.76</ele>
        <time>2026-10-04T13:10:00Z</time>
      </trkpt>
      <trkpt lat="48.477635" lon="-81.337751">
        <ele>297.18</ele>
        <time>2026-10-04T13:20:00Z</time>
      </trkpt>
      <trkpt lat="48.477935" lon="-81.338740">
        <ele>313.75</ele>
        <time>2026-10-04T13:30:00Z</time>
      </trkpt>
      <trkpt lat="48.476175" lon="-81.339018">
        <ele>293.04</ele>
        <time>2026-10-04T17:20:00Z</time>
      </trkpt>
      <trkpt lat="48.471336" lon="-81.403326">
        <ele>288.90</ele>
        <time>2026-10-04T17:30:00Z</time>
      </trkpt>
      <trkpt lat="48.471315" lon="-81.403391">
        <ele>290.97</ele>
        <time>2026-10-04T17:40:00Z</time>
      </trkpt>
      <trkpt lat="48.474555" lon="-81.365840">
        <ele>282.70</ele>
        <time>2026-10-04T18:10:00Z</time>
      </trkpt>
      <trkpt lat="48.476281" lon="-81.324791">
        <ele>315.82</ele>
        <time>2026-10-04T18:20:00Z</time>
      </trkpt>
      <trkpt lat="48.476571" lon="-81.322968">
        <ele>315.82</ele>
        <time>2026-10-04T18:30:00Z</time>
      </trkpt>
      <trkpt lat="48.476261" lon="-81.314965">
        <ele>326.19</ele>
        <time>2026-10-04T18:40:00Z</time>
      </trkpt>
      <trkpt lat="48.496260" lon="-81.184695">
        <ele>286.83</ele>
        <time>2026-10-04T18:50:00Z</time>
      </trkpt>
      <trkpt lat="48.509113" lon="-81.103391">
        <ele>290.97</ele>
        <time>2026-10-04T19:00:00Z</time>
      </trkpt>
      <trkpt lat="48.545880" lon="-80.940550">
        <ele>286.83</ele>
        <time>2026-10-04T19:10:00Z</time>
      </trkpt>
      <trkpt lat="48.572166" lon="-80.891540">
        <ele>307.53</ele>
        <time>2026-10-04T19:20:00Z</time>
      </trkpt>
      <trkpt lat="48.557103" lon="-80.869588">
        <ele>293.04</ele>
        <time>2026-10-04T19:30:00Z</time>
      </trkpt>
      <trkpt lat="48.552606" lon="-80.866091">
        <ele>301.32</ele>
        <time>2026-10-04T19:40:00Z</time>
      </trkpt>
      <trkpt lat="48.554185" lon="-80.861971">
        <ele>301.32</ele>
        <time>2026-10-04T19:50:00Z</time>
      </trkpt>
      <trkpt lat="48.554763" lon="-80.867958">
        <ele>301.32</ele>
        <time>2026-10-04T20:00:00Z</time>
      </trkpt>
      <trkpt lat="48.542071" lon="-80.844976">
        <ele>301.32</ele>
        <time>2026-10-04T20:10:00Z</time>
      </trkpt>
      <trkpt lat="48.537790" lon="-80.620186">
        <ele>284.76</ele>
        <time>2026-10-04T20:20:00Z</time>
      </trkpt>
      <trkpt lat="48.538553" lon="-80.464403">
        <ele>251.72</ele>
        <time>2026-10-04T20:30:00Z</time>
      </trkpt>
      <trkpt lat="48.541491" lon="-80.441315">
        <ele>264.10</ele>
        <time>2026-10-04T20:40:00Z</time>
      </trkpt>
      <trkpt lat="48.529443" lon="-80.222490">
        <ele>322.04</ele>
        <time>2026-10-04T20:50:00Z</time>
      </trkpt>
      <trkpt lat="48.514036" lon="-80.014178">
        <ele>344.88</ele>
        <time>2026-10-04T21:00:00Z</time>
      </trkpt>
      <trkpt lat="48.526836" lon="-79.873566">
        <ele>282.70</ele>
        <time>2026-10-04T21:10:00Z</time>
      </trkpt>
      <trkpt lat="48.505636" lon="-79.817390">
        <ele>313.75</ele>
        <time>2026-10-04T21:20:00Z</time>
      </trkpt>
      <trkpt lat="48.505593" lon="-79.817368">
        <ele>309.60</ele>
        <time>2026-10-04T21:30:00Z</time>
      </trkpt>
      <trkpt lat="48.505680" lon="-79.817348">
        <ele>313.75</ele>
        <time>2026-10-05T01:30:00Z</time>
      </trkpt>
      <trkpt lat="48.505680" lon="-79.817433">
        <ele>317.90</ele>
        <time>2026-10-05T05:30:00Z</time>
      </trkpt>
      <trkpt lat="48.505680" lon="-79.817368">
        <ele>315.82</ele>
        <time>2026-10-05T09:30:00Z</time>
      </trkpt>
      <trkpt lat="48.482430" lon="-79.807670">
        <ele>309.60</ele>
        <time>2026-10-05T12:20:00Z</time>
      </trkpt>
      <trkpt lat="48.363973" lon="-79.841530">
        <ele>319.97</ele>
        <time>2026-10-05T12:30:00Z</time>
      </trkpt>
      <trkpt lat="48.267531" lon="-79.875733">
        <ele>332.42</ele>
        <time>2026-10-05T12:40:00Z</time>
      </trkpt>
      <trkpt lat="48.163128" lon="-79.873416">
        <ele>351.12</ele>
        <time>2026-10-05T12:50:00Z</time>
      </trkpt>
      <trkpt lat="48.101288" lon="-79.717526">
        <ele>295.11</ele>
        <time>2026-10-05T13:00:00Z</time>
      </trkpt>
      <trkpt lat="48.141091" lon="-79.542753">
        <ele>340.73</ele>
        <time>2026-10-05T13:10:00Z</time>
      </trkpt>
      <trkpt lat="48.123658" lon="-79.624593">
        <ele>309.60</ele>
        <time>2026-10-05T13:20:00Z</time>
      </trkpt>
      <trkpt lat="48.052868" lon="-79.704158">
        <ele>278.56</ele>
        <time>2026-10-05T13:30:00Z</time>
      </trkpt>
      <trkpt lat="47.964001" lon="-79.784173">
        <ele>303.39</ele>
        <time>2026-10-05T13:40:00Z</time>
      </trkpt>
      <trkpt lat="47.841500" lon="-79.810266">
        <ele>206.43</ele>
        <time>2026-10-05T13:50:00Z</time>
      </trkpt>
      <trkpt lat="47.800580" lon="-79.880325">
        <ele>245.54</ele>
        <time>2026-10-05T14:00:00Z</time>
      </trkpt>
      <trkpt lat="47.793756" lon="-79.881055">
        <ele>198.21</ele>
        <time>2026-10-05T14:10:00Z</time>
      </trkpt>
      <trkpt lat="47.793756" lon="-79.881055">
        <ele>198.21</ele>
        <time>2026-10-05T14:10:00Z</time>
      </trkpt>
      <trkpt lat="47.800473" lon="-79.883995">
        <ele>237.30</ele>
        <time>2026-10-05T14:20:00Z</time>
      </trkpt>
      <trkpt lat="47.747011" lon="-79.824406">
        <ele>255.85</ele>
        <time>2026-10-05T14:30:00Z</time>
      </trkpt>
      <trkpt lat="47.646375" lon="-79.691133">
        <ele>284.76</ele>
        <time>2026-10-05T14:40:00Z</time>
      </trkpt>
      <trkpt lat="47.530331" lon="-79.674976">
        <ele>198.21</ele>
        <time>2026-10-05T14:50:00Z</time>
      </trkpt>
      <trkpt lat="47.527981" lon="-79.676091">
        <ele>204.38</ele>
        <time>2026-10-05T15:00:00Z</time>
      </trkpt>
      <trkpt lat="47.527918" lon="-79.675705">
        <ele>202.32</ele>
        <time>2026-10-05T15:10:00Z</time>
      </trkpt>
      <trkpt lat="47.503005" lon="-79.698000">
        <ele>257.91</ele>
        <time>2026-10-05T15:30:00Z</time>
      </trkpt>
      <trkpt lat="47.362521" lon="-79.767393">
        <ele>290.97</ele>
        <time>2026-10-05T15:40:00Z</time>
      </trkpt>
      <trkpt lat="47.242455" lon="-79.755893">
        <ele>380.27</ele>
        <time>2026-10-05T15:50:00Z</time>
      </trkpt>
      <trkpt lat="47.112486" lon="-79.795696">
        <ele>303.39</ele>
        <time>2026-10-05T16:00:00Z</time>
      </trkpt>
      <trkpt lat="47.054873" lon="-79.799838">
        <ele>297.18</ele>
        <time>2026-10-05T16:10:00Z</time>
      </trkpt>
      <trkpt lat="47.056471" lon="-79.802198">
        <ele>309.60</ele>
        <time>2026-10-05T16:20:00Z</time>
      </trkpt>
      <trkpt lat="47.055860" lon="-79.809365">
        <ele>297.18</ele>
        <time>2026-10-05T16:30:00Z</time>
      </trkpt>
      <trkpt lat="47.040688" lon="-79.796791">
        <ele>307.53</ele>
        <time>2026-10-05T16:40:00Z</time>
      </trkpt>
      <trkpt lat="46.908155" lon="-79.753575">
        <ele>315.82</ele>
        <time>2026-10-05T16:50:00Z</time>
      </trkpt>
      <trkpt lat="46.755451" lon="-79.810460">
        <ele>297.18</ele>
        <time>2026-10-05T17:00:00Z</time>
      </trkpt>
      <trkpt lat="46.731355" lon="-79.807326">
        <ele>284.76</ele>
        <time>2026-10-05T17:10:00Z</time>
      </trkpt>
      <trkpt lat="46.731613" lon="-79.813141">
        <ele>301.32</ele>
        <time>2026-10-05T17:20:00Z</time>
      </trkpt>
      <trkpt lat="46.724628" lon="-79.808141">
        <ele>299.25</ele>
        <time>2026-10-05T17:30:00Z</time>
      </trkpt>
      <trkpt lat="46.726011" lon="-79.808721">
        <ele>278.56</ele>
        <time>2026-10-05T17:40:00Z</time>
      </trkpt>
      <trkpt lat="46.702720" lon="-79.778466">
        <ele>295.11</ele>
        <time>2026-10-05T17:50:00Z</time>
      </trkpt>
      <trkpt lat="46.591655" lon="-79.640256">
        <ele>295.11</ele>
        <time>2026-10-05T18:00:00Z</time>
      </trkpt>
      <trkpt lat="46.475515" lon="-79.482780">
        <ele>365.68</ele>
        <time>2026-10-05T18:10:00Z</time>
      </trkpt>
      <trkpt lat="46.334666" lon="-79.466406">
        <ele>241.42</ele>
        <time>2026-10-05T18:20:00Z</time>
      </trkpt>
      <trkpt lat="46.307040" lon="-79.434371">
        <ele>210.54</ele>
        <time>2026-10-05T18:30:00Z</time>
      </trkpt>
      <trkpt lat="46.272258" lon="-79.234191">
        <ele>249.66</ele>
        <time>2026-10-05T18:40:00Z</time>
      </trkpt>
      <trkpt lat="46.269103" lon="-79.019938">
        <ele>255.85</ele>
        <time>2026-10-05T18:50:00Z</time>
      </trkpt>
      <trkpt lat="46.271828" lon="-78.978716">
        <ele>192.05</ele>
        <time>2026-10-05T19:00:00Z</time>
      </trkpt>
      <trkpt lat="46.271785" lon="-78.978803">
        <ele>175.64</ele>
        <time>2026-10-05T19:10:00Z</time>
      </trkpt>
      <trkpt lat="46.286881" lon="-78.910418">
        <ele>185.90</ele>
        <time>2026-10-05T19:20:00Z</time>
      </trkpt>
      <trkpt lat="46.294530" lon="-78.874390">
        <ele>175.64</ele>
        <time>2026-10-05T19:30:00Z</time>
      </trkpt>
      <trkpt lat="46.292073" lon="-78.874025">
        <ele>163.34</ele>
        <time>2026-10-05T19:40:00Z</time>
      </trkpt>
      <trkpt lat="46.284316" lon="-78.854370">
        <ele>196.16</ele>
        <time>2026-10-05T19:50:00Z</time>
      </trkpt>
      <trkpt lat="46.317168" lon="-78.700626">
        <ele>171.54</ele>
        <time>2026-10-05T20:00:00Z</time>
      </trkpt>
      <trkpt lat="46.284606" lon="-78.508730">
        <ele>204.38</ele>
        <time>2026-10-05T20:10:00Z</time>
      </trkpt>
      <trkpt lat="46.248911" lon="-78.314473">
        <ele>167.44</ele>
        <time>2026-10-05T20:20:00Z</time>
      </trkpt>
      <trkpt lat="46.243793" lon="-78.106570">
        <ele>288.90</ele>
        <time>2026-10-05T20:30:00Z</time>
      </trkpt>
      <trkpt lat="46.213581" lon="-77.900963">
        <ele>187.95</ele>
        <time>2026-10-05T20:40:00Z</time>
      </trkpt>
      <trkpt lat="46.189388" lon="-77.842105">
        <ele>185.90</ele>
        <time>2026-10-05T20:50:00Z</time>
      </trkpt>
      <trkpt lat="46.189871" lon="-77.852318">
        <ele>149.01</ele>
        <time>2026-10-05T21:00:00Z</time>
      </trkpt>
      <trkpt lat="46.193893" lon="-77.842470">
        <ele>157.20</ele>
        <time>2026-10-05T21:10:00Z</time>
      </trkpt>
      <trkpt lat="46.213731" lon="-77.911648">
        <ele>159.24</ele>
        <time>2026-10-05T21:20:00Z</time>
      </trkpt>
      <trkpt lat="46.213731" lon="-77.911670">
        <ele>159.24</ele>
        <time>2026-10-05T21:30:00Z</time>
      </trkpt>
      <trkpt lat="46.213775" lon="-77.911648">
        <ele>157.20</ele>
        <time>2026-10-06T01:30:00Z</time>
      </trkpt>
      <trkpt lat="46.213763" lon="-77.911713">
        <ele>163.34</ele>
        <time>2026-10-06T05:30:00Z</time>
      </trkpt>
      <trkpt lat="46.213796" lon="-77.911691">
        <ele>161.29</ele>
        <time>2026-10-06T09:30:00Z</time>
      </trkpt>
      <trkpt lat="46.212423" lon="-77.917378">
        <ele>159.24</ele>
        <time>2026-10-06T13:20:00Z</time>
      </trkpt>
      <trkpt lat="46.243106" lon="-78.129358">
        <ele>301.32</ele>
        <time>2026-10-06T13:30:00Z</time>
      </trkpt>
      <trkpt lat="46.260916" lon="-78.343678">
        <ele>157.20</ele>
        <time>2026-10-06T13:40:00Z</time>
      </trkpt>
      <trkpt lat="46.299638" lon="-78.557288">
        <ele>220.83</ele>
        <time>2026-10-06T13:50:00Z</time>
      </trkpt>
      <trkpt lat="46.310055" lon="-78.711483">
        <ele>198.21</ele>
        <time>2026-10-06T14:00:00Z</time>
      </trkpt>
      <trkpt lat="46.301375" lon="-78.762360">
        <ele>181.79</ele>
        <time>2026-10-06T14:10:00Z</time>
      </trkpt>
      <trkpt lat="46.274918" lon="-78.964233">
        <ele>216.71</ele>
        <time>2026-10-06T14:20:00Z</time>
      </trkpt>
      <trkpt lat="46.269961" lon="-79.028391">
        <ele>239.36</ele>
        <time>2026-10-06T14:30:00Z</time>
      </trkpt>
      <trkpt lat="46.271388" lon="-79.227605">
        <ele>247.60</ele>
        <time>2026-10-06T14:40:00Z</time>
      </trkpt>
      <trkpt lat="46.302545" lon="-79.412376">
        <ele>229.06</ele>
        <time>2026-10-06T14:50:00Z</time>
      </trkpt>
      <trkpt lat="46.336276" lon="-79.455978">
        <ele>257.91</ele>
        <time>2026-10-06T15:00:00Z</time>
      </trkpt>
      <trkpt lat="46.336201" lon="-79.455978">
        <ele>251.72</ele>
        <time>2026-10-06T15:10:00Z</time>
      </trkpt>
      <trkpt lat="46.335300" lon="-79.463768">
        <ele>233.18</ele>
        <time>2026-10-06T16:50:00Z</time>
      </trkpt>
      <trkpt lat="46.335300" lon="-79.463896">
        <ele>237.30</ele>
        <time>2026-10-06T17:00:00Z</time>
      </trkpt>
      <trkpt lat="46.334366" lon="-79.468231">
        <ele>237.30</ele>
        <time>2026-10-06T17:40:00Z</time>
      </trkpt>
      <trkpt lat="46.334378" lon="-79.468145">
        <ele>233.18</ele>
        <time>2026-10-06T17:50:00Z</time>
      </trkpt>
      <trkpt lat="46.325215" lon="-79.465700">
        <ele>233.18</ele>
        <time>2026-10-06T18:10:00Z</time>
      </trkpt>
      <trkpt lat="46.325645" lon="-79.465506">
        <ele>251.72</ele>
        <time>2026-10-06T18:20:00Z</time>
      </trkpt>
      <trkpt lat="46.308188" lon="-79.436301">
        <ele>210.54</ele>
        <time>2026-10-06T18:30:00Z</time>
      </trkpt>
      <trkpt lat="46.194666" lon="-79.369183">
        <ele>237.30</ele>
        <time>2026-10-06T18:40:00Z</time>
      </trkpt>
      <trkpt lat="46.136065" lon="-79.493808">
        <ele>216.71</ele>
        <time>2026-10-06T18:50:00Z</time>
      </trkpt>
      <trkpt lat="46.052735" lon="-79.570670">
        <ele>317.90</ele>
        <time>2026-10-06T19:00:00Z</time>
      </trkpt>
      <trkpt lat="46.027168" lon="-79.719286">
        <ele>227.00</ele>
        <time>2026-10-06T19:10:00Z</time>
      </trkpt>
      <trkpt lat="46.065480" lon="-79.765956">
        <ele>233.18</ele>
        <time>2026-10-06T19:20:00Z</time>
      </trkpt>
      <trkpt lat="46.059805" lon="-79.756558">
        <ele>218.77</ele>
        <time>2026-10-06T19:30:00Z</time>
      </trkpt>
      <trkpt lat="46.059483" lon="-79.751665">
        <ele>218.77</ele>
        <time>2026-10-06T19:40:00Z</time>
      </trkpt>
      <trkpt lat="46.057885" lon="-79.760978">
        <ele>227.00</ele>
        <time>2026-10-06T19:50:00Z</time>
      </trkpt>
      <trkpt lat="46.062960" lon="-79.765956">
        <ele>214.66</ele>
        <time>2026-10-06T20:00:00Z</time>
      </trkpt>
      <trkpt lat="46.030483" lon="-79.720101">
        <ele>233.18</ele>
        <time>2026-10-06T20:10:00Z</time>
      </trkpt>
      <trkpt lat="45.982933" lon="-79.659398">
        <ele>319.97</ele>
        <time>2026-10-06T20:20:00Z</time>
      </trkpt>
      <trkpt lat="45.925576" lon="-79.800740">
        <ele>237.30</ele>
        <time>2026-10-06T20:30:00Z</time>
      </trkpt>
      <trkpt lat="45.919225" lon="-79.964868">
        <ele>224.94</ele>
        <time>2026-10-06T20:40:00Z</time>
      </trkpt>
      <trkpt lat="45.899635" lon="-80.119213">
        <ele>249.66</ele>
        <time>2026-10-06T20:50:00Z</time>
      </trkpt>
      <trkpt lat="45.906233" lon="-80.294073">
        <ele>227.00</ele>
        <time>2026-10-06T21:00:00Z</time>
      </trkpt>
      <trkpt lat="45.904848" lon="-80.502148">
        <ele>216.71</ele>
        <time>2026-10-06T21:10:00Z</time>
      </trkpt>
      <trkpt lat="45.910803" lon="-80.542788">
        <ele>202.32</ele>
        <time>2026-10-06T21:20:00Z</time>
      </trkpt>
      <trkpt lat="45.910835" lon="-80.542788">
        <ele>218.77</ele>
        <time>2026-10-06T21:30:00Z</time>
      </trkpt>
      <trkpt lat="45.910760" lon="-80.542745">
        <ele>218.77</ele>
        <time>2026-10-07T01:30:00Z</time>
      </trkpt>
      <trkpt lat="45.910825" lon="-80.542810">
        <ele>204.38</ele>
        <time>2026-10-07T05:30:00Z</time>
      </trkpt>
      <trkpt lat="45.910781" lon="-80.542810">
        <ele>204.38</ele>
        <time>2026-10-07T09:30:00Z</time>
      </trkpt>
      <trkpt lat="45.910803" lon="-80.542831">
        <ele>202.32</ele>
        <time>2026-10-07T13:30:00Z</time>
      </trkpt>
      <trkpt lat="45.928291" lon="-80.562680">
        <ele>204.38</ele>
        <time>2026-10-07T15:20:00Z</time>
      </trkpt>
      <trkpt lat="45.928333" lon="-80.562723">
        <ele>198.21</ele>
        <time>2026-10-07T15:30:00Z</time>
      </trkpt>
      <trkpt lat="45.931595" lon="-80.562421">
        <ele>194.11</ele>
        <time>2026-10-07T16:00:00Z</time>
      </trkpt>
      <trkpt lat="45.928560" lon="-80.563903">
        <ele>183.84</ele>
        <time>2026-10-07T16:10:00Z</time>
      </trkpt>
      <trkpt lat="45.926993" lon="-80.553366">
        <ele>192.05</ele>
        <time>2026-10-07T16:20:00Z</time>
      </trkpt>
      <trkpt lat="45.936510" lon="-80.583065">
        <ele>187.95</ele>
        <time>2026-10-07T16:30:00Z</time>
      </trkpt>
      <trkpt lat="46.016171" lon="-80.584566">
        <ele>218.77</ele>
        <time>2026-10-07T16:40:00Z</time>
      </trkpt>
      <trkpt lat="45.975895" lon="-80.572486">
        <ele>192.05</ele>
        <time>2026-10-07T16:50:00Z</time>
      </trkpt>
      <trkpt lat="45.838876" lon="-80.556778">
        <ele>181.79</ele>
        <time>2026-10-07T17:00:00Z</time>
      </trkpt>
      <trkpt lat="45.715270" lon="-80.464640">
        <ele>194.11</ele>
        <time>2026-10-07T17:10:00Z</time>
      </trkpt>
      <trkpt lat="45.619043" lon="-80.401983">
        <ele>190.00</ele>
        <time>2026-10-07T17:20:00Z</time>
      </trkpt>
      <trkpt lat="45.624730" lon="-80.414578">
        <ele>185.90</ele>
        <time>2026-10-07T17:30:00Z</time>
      </trkpt>
      <trkpt lat="45.586255" lon="-80.364303">
        <ele>192.05</ele>
        <time>2026-10-07T17:40:00Z</time>
      </trkpt>
      <trkpt lat="45.527751" lon="-80.251200">
        <ele>212.60</ele>
        <time>2026-10-07T17:50:00Z</time>
      </trkpt>
      <trkpt lat="45.430698" lon="-80.154983">
        <ele>222.88</ele>
        <time>2026-10-07T18:00:00Z</time>
      </trkpt>
      <trkpt lat="45.384896" lon="-80.244355">
        <ele>196.16</ele>
        <time>2026-10-07T18:10:00Z</time>
      </trkpt>
      <trkpt lat="45.355918" lon="-80.212533">
        <ele>202.32</ele>
        <time>2026-10-07T18:20:00Z</time>
      </trkpt>
      <trkpt lat="45.352785" lon="-80.216525">
        <ele>171.54</ele>
        <time>2026-10-07T18:30:00Z</time>
      </trkpt>
      <trkpt lat="45.350768" lon="-80.194101">
        <ele>208.49</ele>
        <time>2026-10-07T18:40:00Z</time>
      </trkpt>
      <trkpt lat="45.347368" lon="-80.193178">
        <ele>185.90</ele>
        <time>2026-10-07T18:50:00Z</time>
      </trkpt>
      <trkpt lat="45.348836" lon="-80.191848">
        <ele>206.43</ele>
        <time>2026-10-07T19:00:00Z</time>
      </trkpt>
      <trkpt lat="45.348171" lon="-80.190603">
        <ele>192.05</ele>
        <time>2026-10-07T19:10:00Z</time>
      </trkpt>
      <trkpt lat="45.363696" lon="-80.219593">
        <ele>210.54</ele>
        <time>2026-10-07T19:20:00Z</time>
      </trkpt>
      <trkpt lat="45.424798" lon="-80.210130">
        <ele>212.60</ele>
        <time>2026-10-07T19:30:00Z</time>
      </trkpt>
      <trkpt lat="45.390305" lon="-80.051601">
        <ele>216.71</ele>
        <time>2026-10-07T19:40:00Z</time>
      </trkpt>
      <trkpt lat="45.361218" lon="-80.041130">
        <ele>222.88</ele>
        <time>2026-10-07T19:50:00Z</time>
      </trkpt>
      <trkpt lat="45.318496" lon="-79.984288">
        <ele>204.38</ele>
        <time>2026-10-07T20:00:00Z</time>
      </trkpt>
      <trkpt lat="45.312628" lon="-79.965405">
        <ele>210.54</ele>
        <time>2026-10-07T20:10:00Z</time>
      </trkpt>
      <trkpt lat="45.312091" lon="-79.963173">
        <ele>202.32</ele>
        <time>2026-10-07T20:20:00Z</time>
      </trkpt>
      <trkpt lat="45.306823" lon="-79.904015">
        <ele>239.36</ele>
        <time>2026-10-07T20:30:00Z</time>
      </trkpt>
      <trkpt lat="45.180190" lon="-79.802263">
        <ele>241.42</ele>
        <time>2026-10-07T20:40:00Z</time>
      </trkpt>
      <trkpt lat="45.022005" lon="-79.778208">
        <ele>202.32</ele>
        <time>2026-10-07T20:50:00Z</time>
      </trkpt>
      <trkpt lat="44.859838" lon="-79.743318">
        <ele>202.32</ele>
        <time>2026-10-07T21:00:00Z</time>
      </trkpt>
      <trkpt lat="44.878581" lon="-79.725745">
        <ele>200.27</ele>
        <time>2026-10-07T21:10:00Z</time>
      </trkpt>
      <trkpt lat="44.878441" lon="-79.747416">
        <ele>187.95</ele>
        <time>2026-10-07T21:20:00Z</time>
      </trkpt>
      <trkpt lat="44.839603" lon="-79.739348">
        <ele>192.05</ele>
        <time>2026-10-07T21:30:00Z</time>
      </trkpt>
      <trkpt lat="44.706845" lon="-79.664053">
        <ele>229.06</ele>
        <time>2026-10-07T21:40:00Z</time>
      </trkpt>
      <trkpt lat="44.636463" lon="-79.537818">
        <ele>293.04</ele>
        <time>2026-10-07T21:50:00Z</time>
      </trkpt>
      <trkpt lat="44.621111" lon="-79.512111">
        <ele>286.83</ele>
        <time>2026-10-07T22:00:00Z</time>
      </trkpt>
      <trkpt lat="44.609675" lon="-79.449070">
        <ele>268.23</ele>
        <time>2026-10-07T22:10:00Z</time>
      </trkpt>
      <trkpt lat="44.609610" lon="-79.449026">
        <ele>259.98</ele>
        <time>2026-10-07T22:20:00Z</time>
      </trkpt>
      <trkpt lat="44.612291" lon="-79.453425">
        <ele>268.23</ele>
        <time>2026-10-07T22:30:00Z</time>
      </trkpt>
      <trkpt lat="44.604085" lon="-79.454455">
        <ele>259.98</ele>
        <time>2026-10-07T22:40:00Z</time>
      </trkpt>
      <trkpt lat="44.586306" lon="-79.453296">
        <ele>237.30</ele>
        <time>2026-10-07T22:50:00Z</time>
      </trkpt>
      <trkpt lat="44.593925" lon="-79.453790">
        <ele>280.63</ele>
        <time>2026-10-07T23:00:00Z</time>
      </trkpt>
      <trkpt lat="44.593945" lon="-79.453683">
        <ele>272.36</ele>
        <time>2026-10-07T23:10:00Z</time>
      </trkpt>
      <trkpt lat="44.593956" lon="-79.453596">
        <ele>268.23</ele>
        <time>2026-10-08T03:10:00Z</time>
      </trkpt>
      <trkpt lat="44.577326" lon="-79.444435">
        <ele>224.94</ele>
        <time>2026-10-08T04:00:00Z</time>
      </trkpt>
      <trkpt lat="44.499950" lon="-79.531553">
        <ele>280.63</ele>
        <time>2026-10-08T04:10:00Z</time>
      </trkpt>
      <trkpt lat="44.572188" lon="-79.473810">
        <ele>266.17</ele>
        <time>2026-10-08T04:20:00Z</time>
      </trkpt>
      <trkpt lat="44.602518" lon="-79.474990">
        <ele>268.23</ele>
        <time>2026-10-08T04:30:00Z</time>
      </trkpt>
      <trkpt lat="44.590985" lon="-79.441580">
        <ele>243.48</ele>
        <time>2026-10-08T04:40:00Z</time>
      </trkpt>
      <trkpt lat="44.594590" lon="-79.301913">
        <ele>222.88</ele>
        <time>2026-10-08T04:50:00Z</time>
      </trkpt>
      <trkpt lat="44.594288" lon="-79.301741">
        <ele>212.60</ele>
        <time>2026-10-08T05:00:00Z</time>
      </trkpt>
      <trkpt lat="44.547790" lon="-79.176965">
        <ele>231.12</ele>
        <time>2026-10-08T05:10:00Z</time>
      </trkpt>
      <trkpt lat="44.416780" lon="-79.118535">
        <ele>243.48</ele>
        <time>2026-10-08T05:20:00Z</time>
      </trkpt>
      <trkpt lat="44.333396" lon="-79.205353">
        <ele>224.94</ele>
        <time>2026-10-08T05:30:00Z</time>
      </trkpt>
      <trkpt lat="44.330135" lon="-79.331888">
        <ele>227.00</ele>
        <time>2026-10-08T05:40:00Z</time>
      </trkpt>
      <trkpt lat="44.231396" lon="-79.335193">
        <ele>227.00</ele>
        <time>2026-10-08T05:50:00Z</time>
      </trkpt>
      <trkpt lat="44.121586" lon="-79.318135">
        <ele>245.54</ele>
        <time>2026-10-08T06:00:00Z</time>
      </trkpt>
      <trkpt lat="44.010103" lon="-79.291205">
        <ele>342.80</ele>
        <time>2026-10-08T06:10:00Z</time>
      </trkpt>
      <trkpt lat="43.939583" lon="-79.249963">
        <ele>241.42</ele>
        <time>2026-10-08T06:20:00Z</time>
      </trkpt>
      <trkpt lat="43.894243" lon="-79.243891">
        <ele>220.83</ele>
        <time>2026-10-08T06:30:00Z</time>
      </trkpt>
      <trkpt lat="43.894265" lon="-79.243891">
        <ele>214.66</ele>
        <time>2026-10-08T06:40:00Z</time>
      </trkpt>
      <trkpt lat="43.894211" lon="-79.243933">
        <ele>209.00</ele>
        <time>2026-10-08T07:40:00Z</time>
      </trkpt>
      <trkpt lat="43.894156" lon="-79.243870">
        <ele>196.16</ele>
        <time>2026-10-08T10:40:00Z</time>
      </trkpt>
      <trkpt lat="43.894190" lon="-79.244020">
        <ele>218.77</ele>
        <time>2026-10-08T14:40:00Z</time>
      </trkpt>
      <trkpt lat="43.893965" lon="-79.243933">
        <ele>218.77</ele>
        <time>2026-10-08T15:19:30Z</time>
      </trkpt>
    </trkseg>
  </trk>
</gpx>
